clip_name,frame_number,gt_label,pred_label,correct,latency_ms
Backward_fall,31,Standing,Standing,True,297.8185
Backward_fall,32,Standing,Standing,True,53.3658
Backward_fall,33,Standing,Standing,True,50.8199
Backward_fall,34,Standing,Standing,True,52.5609
Backward_fall,35,Standing,Unknown,False,54.1947
Backward_fall,36,,Unknown,,52.5834
Backward_fall,37,,Unknown,,52.0558
Backward_fall,38,,Unknown,,52.9426
Backward_fall,39,,Unknown,,54.3454
Backward_fall,40,,Standing,,61.568
Backward_fall,41,,Standing,,73.4544
Backward_fall,42,,Standing,,79.5211
Backward_fall,43,,Standing,,68.7504
Backward_fall,44,,Standing,,63.0958
Backward_fall,45,,Standing,,59.4948
Backward_fall,46,,Standing,,61.3887
Backward_fall,47,,Standing,,57.5556
Backward_fall,48,,Standing,,59.9172
Backward_fall,49,,Standing,,55.4036
Backward_fall,50,,Standing,,60.6935
Backward_fall,51,,Lying,,57.0678
Backward_fall,52,,Standing,,55.9322
Backward_fall,53,,Standing,,54.7806
Backward_fall,54,,Standing,,55.0756
Backward_fall,55,,Standing,,55.9173
Backward_fall,56,,Standing,,54.34
Backward_fall,57,,Standing,,55.1121
Backward_fall,58,,Standing,,55.0379
Backward_fall,59,,Standing,,57.7747
Backward_fall,60,,Sitting,,54.9659
Backward_fall,61,,Sitting,,54.554
Backward_fall,62,,Sitting,,55.5439
Backward_fall,63,,Sitting,,55.3504
Backward_fall,64,,Sitting,,54.7171
Backward_fall,65,,Sitting,,54.2277
Backward_fall,66,,Sitting,,55.0493
Backward_fall,67,,Sitting,,55.4172
Backward_fall,68,,Sitting,,55.0745
Backward_fall,69,Lying,Sitting,False,56.3092
Backward_fall,70,Lying,Sitting,False,54.9598
Backward_fall,71,Lying,Sitting,False,56.4708
Backward_fall,72,Lying,Sitting,False,54.8902
Backward_fall,73,Lying,Sitting,False,55.0094
Backward_fall,74,Lying,Sitting,False,55.0223
Backward_fall,75,Lying,Sitting,False,54.9916
Backward_fall,76,Lying,Sitting,False,55.2547
Backward_fall,77,Lying,Sitting,False,53.3509
Backward_fall,78,Lying,Sitting,False,54.5407
Backward_fall,79,Lying,Sitting,False,55.3959
Backward_fall,80,Lying,Sitting,False,55.0551
Backward_fall,81,Lying,Sitting,False,54.7749
Backward_fall,82,Lying,Sitting,False,55.0302
Backward_fall,83,Lying,Sitting,False,54.6698
Backward_fall,84,Lying,Sitting,False,54.9173
Backward_fall,85,Lying,Sitting,False,53.9564
Backward_fall,86,Lying,Sitting,False,53.7125
Backward_fall,87,Lying,Sitting,False,54.5041
Backward_fall,88,Lying,Sitting,False,54.8735
Backward_fall,89,Lying,Sitting,False,52.1314
Backward_fall,90,Lying,Sitting,False,51.7064
Backward_fall,91,Lying,Sitting,False,53.6526
Backward_fall,92,Lying,Sitting,False,52.2798
Backward_fall,93,Lying,Sitting,False,52.3514
Backward_fall,94,Lying,Sitting,False,51.7524
Backward_fall,95,Lying,Sitting,False,53.558
Backward_fall,96,Lying,Sitting,False,52.1895
Backward_fall,97,Lying,Sitting,False,53.5913
Backward_fall,98,Lying,Sitting,False,54.4522
Backward_fall,99,Lying,Sitting,False,54.4128
Backward_fall,100,Lying,Unknown,False,53.3046
Backward_fall,101,Lying,Unknown,False,54.2051
Backward_fall,102,Lying,Unknown,False,54.0315
Backward_fall,103,Lying,Unknown,False,54.5549
Backward_fall,104,Lying,Unknown,False,54.2412
Backward_fall,105,Lying,Unknown,False,55.1202
Backward_fall,106,Lying,Unknown,False,55.4716
Backward_fall,107,Lying,Unknown,False,56.0017
Backward_fall,108,Lying,Unknown,False,55.2905
Backward_fall,109,Lying,Standing,False,53.4591
Backward_fall,110,Lying,Standing,False,53.9269
Backward_fall,111,Lying,Standing,False,53.6771
Chair_fall,31,Sitting,Lying,False,52.8932
Chair_fall,32,Sitting,Lying,False,52.8206
Chair_fall,33,Sitting,Lying,False,53.0202
Chair_fall,34,Sitting,Lying,False,52.3038
Chair_fall,35,Sitting,Lying,False,52.3621
Chair_fall,36,Sitting,Lying,False,53.679
Chair_fall,37,Sitting,Lying,False,54.3852
Chair_fall,38,Sitting,Lying,False,54.326
Chair_fall,39,Sitting,Lying,False,54.6662
Chair_fall,40,Sitting,Lying,False,55.1266
Chair_fall,41,Sitting,Lying,False,53.477
Chair_fall,42,,Lying,,53.407
Chair_fall,43,,Lying,,54.3039
Chair_fall,44,,Lying,,56.4301
Chair_fall,45,,Lying,,53.6285
Chair_fall,46,,Lying,,55.8928
Chair_fall,47,,Lying,,55.0145
Chair_fall,48,,Lying,,55.3973
Chair_fall,49,,Lying,,54.9852
Chair_fall,50,,Lying,,55.2478
Chair_fall,51,,Lying,,54.2497
Chair_fall,52,,Lying,,54.4198
Chair_fall,53,,Lying,,54.3124
Chair_fall,54,,Lying,,54.8106
Chair_fall,55,,Lying,,55.2148
Chair_fall,56,,Lying,,53.2978
Chair_fall,57,,Lying,,54.2256
Chair_fall,58,,Lying,,52.4269
Chair_fall,59,,Lying,,56.8964
Chair_fall,60,,Lying,,52.8744
Chair_fall,61,,Lying,,54.1187
Chair_fall,62,,Lying,,56.1263
Chair_fall,63,,Lying,,53.5472
Chair_fall,64,,Lying,,54.4981
Chair_fall,65,,Lying,,54.3368
Chair_fall,66,,Lying,,56.2112
Chair_fall,67,,Lying,,54.3397
Chair_fall,68,,Lying,,53.4983
Chair_fall,69,,Lying,,53.0622
Chair_fall,70,,Lying,,53.9351
Chair_fall,71,,Lying,,53.0081
Chair_fall,72,,Lying,,54.0284
Chair_fall,73,,Lying,,55.147
Chair_fall,74,,Lying,,56.482
Chair_fall,75,,Lying,,54.7592
Chair_fall,76,,Lying,,52.6174
Chair_fall,77,,Lying,,53.1132
Chair_fall,78,Lying,Lying,True,52.1066
Chair_fall,79,Lying,Lying,True,53.1953
Chair_fall,80,Lying,Lying,True,53.5265
Chair_fall,81,Lying,Standing,False,55.8638
Chair_fall,82,Lying,Lying,True,54.1866
Chair_fall,83,Lying,Lying,True,52.7374
Chair_fall,84,Lying,Standing,False,52.7611
Chair_fall,85,Lying,Standing,False,55.3886
Chair_fall,86,Lying,Standing,False,55.7212
Chair_fall,87,Lying,Standing,False,53.8846
Chair_fall,88,Lying,Standing,False,53.2399
Chair_fall,89,Lying,Lying,True,53.5316
Chair_fall,90,Lying,Lying,True,53.925
Chair_fall,91,Lying,Lying,True,52.7205
Chair_fall,92,Lying,Lying,True,52.9259
Chair_fall,93,Lying,Lying,True,53.3803
Chair_fall,94,Lying,Lying,True,53.2877
Chair_fall,95,Lying,Lying,True,54.8679
Chair_fall,96,Lying,Lying,True,54.5649
Chair_fall,97,Lying,Lying,True,53.1261
Chair_fall,98,Lying,Lying,True,55.5195
Chair_fall,99,Lying,Lying,True,55.2385
Chair_fall,100,Lying,Lying,True,53.7335
Chair_fall,101,Lying,Lying,True,56.921
Chair_fall,102,Lying,Lying,True,55.1332
Chair_fall,103,Lying,Lying,True,54.5169
Chair_fall,104,Lying,Lying,True,54.2758
Chair_fall,105,Lying,Lying,True,52.9239
Chair_fall,106,Lying,Lying,True,51.7401
Chair_fall,107,Lying,Lying,True,52.5501
Chair_fall,108,Lying,Lying,True,52.2336
Chair_fall,109,Lying,Lying,True,52.0112
Chair_fall,110,Lying,Lying,True,52.3462
Chair_fall,111,Lying,Lying,True,56.6182
Chair_fall,112,Lying,Lying,True,58.1731
Chair_fall,113,Lying,Lying,True,65.7866
Chair_fall,114,Lying,Lying,True,61.4608
Chair_fall,115,Lying,Lying,True,59.991
Chair_fall,116,Lying,Lying,True,63.335
Chair_fall,117,Lying,Lying,True,64.7179
Chair_fall,118,Lying,Lying,True,61.7219
Chair_fall,119,Lying,Standing,False,59.9698
Chair_fall,120,Lying,Standing,False,58.3459
Chair_fall,121,Lying,Standing,False,59.2767
Chair_fall,122,Lying,Standing,False,59.4367
Chair_fall,123,Lying,Standing,False,56.9699
Chair_fall,124,Lying,Standing,False,55.7724
Chair_fall,125,Lying,Standing,False,56.0595
Chair_fall,126,Lying,Standing,False,54.86
Chair_fall,127,Lying,Standing,False,54.3332
Chair_fall,128,Lying,Standing,False,56.0513
Chair_fall,129,Lying,Standing,False,53.6926
Chair_fall,130,Lying,Standing,False,54.9374
Chair_fall,131,Lying,Standing,False,55.6458
Chair_fall,132,Lying,Standing,False,54.9745
Chair_fall,133,Lying,Sitting,False,55.5314
Chair_fall,134,Lying,Sitting,False,55.7467
Chair_fall,135,Lying,Sitting,False,55.6583
Chair_fall,136,Lying,Sitting,False,56.0379
Chair_fall,137,Lying,Sitting,False,53.9964
Chair_fall,138,Lying,Sitting,False,53.9875
Chair_fall,139,Lying,Sitting,False,55.4548
Chair_fall,140,Lying,Sitting,False,54.1427
Chair_fall,141,Lying,Sitting,False,53.3815
Chair_fall,142,Lying,Sitting,False,55.0368
Chair_fall,143,Lying,Sitting,False,54.3577
Chair_fall,144,Lying,Sitting,False,54.7178
Chair_fall,145,Lying,Sitting,False,54.3282
Chair_fall,146,Lying,Sitting,False,55.1364
Chair_fall,147,Lying,Sitting,False,53.9312
Chair_fall,148,Lying,Sitting,False,53.5011
Chair_fall,149,Lying,Sitting,False,55.9698
Chair_fall,150,Lying,Sitting,False,56.4384
Chair_fall,151,Lying,Lying,True,54.949
Chair_fall,152,Lying,Lying,True,57.7735
Chair_fall,153,Lying,Lying,True,54.788
Chair_fall,154,Lying,Lying,True,56.0429
Chair_fall,155,Lying,Lying,True,53.5671
Chair_fall,156,Lying,Lying,True,55.1012
Chair_fall,157,Lying,Lying,True,54.5338
Chair_fall,158,Lying,Lying,True,56.1277
Chair_fall,159,Lying,Lying,True,54.8231
Chair_fall,160,Lying,Lying,True,54.3449
Chair_fall,161,Lying,Lying,True,55.0709
Chair_fall,162,Lying,Lying,True,52.928
Chair_fall,163,Lying,Lying,True,52.3872
Chair_fall,164,Lying,Lying,True,53.1364
Chair_fall,165,Lying,Lying,True,52.5279
Chair_fall,166,Lying,Lying,True,53.1279
Chair_fall,167,Lying,Lying,True,52.501
Chair_fall,168,Lying,Lying,True,55.6691
Chair_fall,169,Lying,Lying,True,51.7919
Chair_fall,170,Lying,Lying,True,55.7521
Chair_fall,171,Lying,Lying,True,55.3409
Chair_fall,172,Lying,Lying,True,52.972
Chair_fall,173,Lying,Lying,True,54.0289
Chair_fall,174,Lying,Lying,True,54.2373
Chair_fall,175,Lying,Lying,True,54.1637
Chair_fall,176,Lying,Lying,True,52.7719
Chair_fall,177,Lying,Lying,True,52.9246
Chair_fall,178,Lying,Lying,True,54.2672
Chair_fall,179,Lying,Lying,True,53.3654
Chair_fall,180,Lying,Lying,True,53.1081
Chair_fall,181,Lying,Lying,True,54.9077
Chair_fall,182,Lying,Lying,True,54.7889
Chair_fall,183,Lying,Lying,True,54.1524
Chair_fall,184,Lying,Lying,True,53.9116
Chair_fall,185,Lying,Lying,True,54.1149
Chair_fall,186,Lying,Lying,True,56.1734
Chair_fall,187,Lying,Lying,True,53.8828
Chair_fall,188,Lying,Lying,True,53.7161
Chair_fall,189,Lying,Lying,True,55.336
Chair_fall,190,Lying,Lying,True,57.1966
Chair_fall,191,Lying,Lying,True,54.4333
Chair_fall,192,Lying,Lying,True,53.8646
Chair_fall,193,Lying,Lying,True,54.3803
Chair_fall,194,Lying,Lying,True,55.6348
Chair_fall,195,Lying,Lying,True,54.2227
Chair_fall,196,Lying,Lying,True,54.0548
Chair_fall,197,Lying,Lying,True,55.0798
Chair_fall,198,Lying,Lying,True,55.2089
Chair_fall,199,Lying,Lying,True,53.4077
Chair_fall,200,Lying,Lying,True,54.2031
Chair_fall,201,Lying,Lying,True,52.7096
Chair_fall,202,Lying,Lying,True,52.7007
Chair_fall,203,Lying,Lying,True,53.2142
Chair_fall,204,Lying,Lying,True,53.7831
Chair_fall,205,Lying,Lying,True,53.0854
Chair_fall,206,Lying,Lying,True,55.0748
Chair_fall,207,Lying,Lying,True,54.6488
Chair_fall,208,Lying,Lying,True,53.8262
Chair_fall,209,Lying,Lying,True,54.9976
Chair_fall,210,Lying,Lying,True,55.7056
Chair_fall,211,Lying,Unknown,False,55.0193
Chair_fall,212,Lying,Unknown,False,53.884
Chair_fall,213,Lying,Unknown,False,53.8218
Chair_fall,214,Lying,Unknown,False,54.6985
Chair_fall,215,Lying,Unknown,False,53.8074
Chair_fall,216,Lying,Unknown,False,54.1656
Chair_fall,217,Lying,Unknown,False,54.6428
Chair_fall,218,Lying,Unknown,False,55.9967
Chair_fall,219,Lying,Unknown,False,54.5126
Chair_fall,220,Lying,Unknown,False,54.5636
Chair_fall,221,Lying,Unknown,False,54.1339
Chair_fall,222,Lying,Unknown,False,54.5335
Chair_fall,223,Lying,Unknown,False,55.1885
Chair_fall,224,Lying,Unknown,False,54.042
Chair_fall,225,Lying,Unknown,False,54.2524
Chair_fall,226,Lying,Unknown,False,55.7797
Chair_fall,227,Lying,Unknown,False,57.5079
Chair_fall,228,Lying,Unknown,False,55.2622
Chair_fall,229,Lying,Unknown,False,60.0419
Chair_fall,230,Lying,Unknown,False,53.8039
Chair_fall,231,Lying,Unknown,False,53.5165
Chair_fall,232,Lying,Unknown,False,53.3882
Chair_fall,233,Lying,Unknown,False,53.8738
Chair_fall,234,Lying,Unknown,False,54.4389
Chair_fall,235,Lying,Unknown,False,52.8872
Chair_fall,236,Lying,Unknown,False,53.4493
Chair_fall,237,Lying,Unknown,False,52.996
Chair_fall,238,Lying,Unknown,False,53.4567
Chair_fall,239,Lying,Unknown,False,54.9565
Chair_fall,240,Lying,Unknown,False,53.55
Chair_fall,241,Lying,Unknown,False,53.0873
Chair_fall,242,Lying,Unknown,False,53.7035
Chair_fall,243,Lying,Unknown,False,53.5925
Chair_fall,244,Lying,Unknown,False,55.6861
Chair_fall,245,Lying,Unknown,False,53.6136
Chair_fall,246,Lying,Unknown,False,53.8631
Chair_fall,247,Lying,Unknown,False,53.6149
Chair_fall,248,Lying,Unknown,False,53.4181
Chair_fall,249,Lying,Unknown,False,55.201
Chair_fall,250,Lying,Unknown,False,54.6876
Fall_and_lie,31,Standing,Standing,True,54.7727
Fall_and_lie,32,Standing,Sitting,False,54.3998
Fall_and_lie,33,Standing,Sitting,False,54.644
Fall_and_lie,34,Standing,Sitting,False,54.7065
Fall_and_lie,35,Standing,Sitting,False,54.3258
Fall_and_lie,36,Standing,Sitting,False,53.9996
Fall_and_lie,37,Standing,Sitting,False,53.26
Fall_and_lie,38,Standing,Sitting,False,55.8603
Fall_and_lie,39,Standing,Sitting,False,55.4404
Fall_and_lie,40,Standing,Sitting,False,54.1716
Fall_and_lie,41,Standing,Sitting,False,54.2799
Fall_and_lie,42,,Sitting,,56.0876
Fall_and_lie,43,,Sitting,,57.5117
Fall_and_lie,44,,Sitting,,54.8941
Fall_and_lie,45,,Sitting,,55.7186
Fall_and_lie,46,,Sitting,,56.7496
Fall_and_lie,47,,Sitting,,54.0424
Fall_and_lie,48,,Sitting,,54.9402
Fall_and_lie,49,,Sitting,,51.9963
Fall_and_lie,50,,Sitting,,52.4358
Fall_and_lie,51,,Sitting,,52.9522
Fall_and_lie,52,,Sitting,,51.6245
Fall_and_lie,53,,Sitting,,52.2193
Fall_and_lie,54,,Sitting,,53.3582
Fall_and_lie,55,,Sitting,,51.704
Fall_and_lie,56,,Sitting,,52.7506
Fall_and_lie,57,,Sitting,,52.8904
Fall_and_lie,58,,Sitting,,55.1044
Fall_and_lie,59,,Lying,,54.2698
Fall_and_lie,60,,Lying,,53.6877
Fall_and_lie,61,,Lying,,56.5687
Fall_and_lie,62,,Lying,,55.3754
Fall_and_lie,63,,Lying,,53.9972
Fall_and_lie,64,,Lying,,53.7875
Fall_and_lie,65,,Lying,,54.6335
Fall_and_lie,66,,Lying,,54.4186
Fall_and_lie,67,,Lying,,54.7362
Fall_and_lie,68,,Lying,,53.9198
Fall_and_lie,69,,Lying,,55.1043
Fall_and_lie,70,,Lying,,58.4254
Fall_and_lie,71,,Lying,,54.8526
Fall_and_lie,72,,Lying,,54.5243
Fall_and_lie,73,,Lying,,54.1777
Fall_and_lie,74,,Lying,,54.3542
Fall_and_lie,75,,Lying,,54.1053
Fall_and_lie,76,,Lying,,54.5075
Fall_and_lie,77,,Lying,,55.4547
Fall_and_lie,78,Lying,Lying,True,55.0446
Fall_and_lie,79,Lying,Lying,True,55.3508
Fall_and_lie,80,Lying,Lying,True,55.1354
Fall_and_lie,81,Lying,Lying,True,55.3275
Fall_and_lie,82,Lying,Lying,True,55.2744
Fall_and_lie,83,Lying,Lying,True,54.8068
Fall_and_lie,84,Lying,Lying,True,53.9391
Fall_and_lie,85,Lying,Lying,True,54.0631
Fall_and_lie,86,Lying,Lying,True,54.3078
Fall_and_lie,87,Lying,Lying,True,54.698
Fall_and_lie,88,Lying,Lying,True,51.9712
Fall_and_lie,89,Lying,Lying,True,52.1975
Fall_and_lie,90,Lying,Lying,True,53.9619
Fall_and_lie,91,Lying,Lying,True,52.4037
Fall_and_lie,92,Lying,Lying,True,52.4724
Fall_and_lie,93,Lying,Lying,True,53.0776
Fall_and_lie,94,Lying,Lying,True,55.548
Fall_and_lie,95,Lying,Lying,True,51.9365
Fall_and_lie,96,Lying,Lying,True,52.0121
Fall_and_lie,97,Lying,Lying,True,54.387
Fall_and_lie,98,Lying,Lying,True,57.5672
Fall_and_lie,99,Lying,Lying,True,54.4987
Fall_and_lie,100,Lying,Lying,True,54.9876
Fall_and_lie,101,Lying,Lying,True,53.0316
Fall_and_lie,102,Lying,Lying,True,53.5634
Fall_and_lie,103,Lying,Lying,True,52.2879
Fall_and_lie,104,Lying,Lying,True,52.2857
Fall_and_lie,105,Lying,Lying,True,51.6291
Fall_and_lie,106,Lying,Lying,True,53.2022
Fall_and_lie,107,Lying,Lying,True,54.3455
Fall_and_lie,108,Lying,Lying,True,53.4617
Fall_and_lie,109,Lying,Lying,True,53.1156
Fall_and_lie,110,Lying,Lying,True,54.0168
Fall_and_lie,111,Lying,Lying,True,53.6005
Fall_and_lie,112,Lying,Lying,True,54.0333
Fall_and_lie,113,Lying,Lying,True,53.7626
Fall_and_lie,114,Lying,Lying,True,59.1919
Fall_and_lie,115,Lying,Lying,True,54.0451
Fall_and_lie,116,Lying,Lying,True,55.9445
Fall_and_lie,117,Lying,Lying,True,55.5374
Fall_and_lie,118,Lying,Lying,True,54.2409
Fall_and_lie,119,Lying,Lying,True,54.5832
Fall_and_lie,120,Lying,Lying,True,53.3153
Fall_and_lie,121,Lying,Lying,True,53.1258
Fall_and_lie,122,Lying,Lying,True,54.3138
Fall_and_lie,123,Lying,Lying,True,53.5233
Fall_and_lie,124,Lying,Lying,True,54.1955
Fall_and_lie,125,Lying,Lying,True,54.1474
Fall_and_lie,126,Lying,Unknown,False,55.7892
Fall_and_lie,127,Lying,Lying,True,54.0531
Fall_and_lie,128,Lying,Lying,True,52.6129
Fall_and_lie,129,Lying,Lying,True,53.5291
Fall_and_lie,130,Lying,Lying,True,53.7384
Fall_and_lie,131,Lying,Lying,True,54.363
Fall_and_lie,132,Lying,Lying,True,53.886
Fall_and_lie,133,Lying,Lying,True,53.1258
Fall_and_lie,134,Lying,Lying,True,54.1353
Fall_and_lie,135,Lying,Lying,True,54.7117
Fall_and_lie,136,Lying,Lying,True,56.1315
Fall_and_lie,137,Lying,Lying,True,53.8602
Fall_and_lie,138,Lying,Lying,True,53.5935
Fall_and_lie,139,Lying,Lying,True,53.6028
Fall_and_lie,140,Lying,Lying,True,53.2866
Fall_and_lie,141,Lying,Unknown,False,54.5347
Fall_and_lie,142,Lying,Unknown,False,55.791
Fall_and_lie,143,Lying,Unknown,False,52.6957
Fall_and_lie,144,Lying,Unknown,False,53.0857
Fall_and_lie,145,Lying,Unknown,False,54.6487
Fall_and_lie,146,Lying,Unknown,False,54.3242
Fall_and_lie,147,Lying,Unknown,False,53.7153
Fall_and_lie,148,Lying,Unknown,False,53.3527
Fall_and_lie,149,Lying,Unknown,False,53.1808
Fall_and_lie,150,Lying,Unknown,False,54.1347
Fall_and_lie,151,Lying,Unknown,False,53.6245
Fall_and_lie,152,Lying,Unknown,False,52.4254
Fall_and_lie,153,Lying,Unknown,False,53.8948
Fall_and_lie,154,Lying,Unknown,False,54.6825
Fall_and_lie,155,Lying,Unknown,False,54.8963
Fall_and_lie,156,Lying,Unknown,False,53.8265
Fall_and_lie,157,Lying,Unknown,False,54.0911
Fall_and_lie,158,Lying,Unknown,False,54.4012
Fall_and_lie,159,Lying,Unknown,False,53.0879
Fall_and_lie,160,Lying,Unknown,False,53.4422
Fall_and_lie,161,Lying,Unknown,False,53.337
Fall_and_lie,162,Lying,Unknown,False,54.1199
Fall_and_lie,163,Lying,Unknown,False,53.3655
Fall_and_lie,164,Lying,Unknown,False,54.5064
Fall_and_lie,165,Lying,Unknown,False,54.7772
Fall_and_lie,166,Lying,Unknown,False,53.6426
Fall_and_lie,167,Lying,Unknown,False,52.5721
Fall_and_lie,168,Lying,Unknown,False,52.2758
Fall_and_lie,169,Lying,Unknown,False,52.7175
Fall_and_lie,170,Lying,Unknown,False,53.0244
Fall_and_lie,171,Lying,Unknown,False,52.7044
Fall_and_lie,172,Lying,Unknown,False,54.5618
Fall_and_lie,173,Lying,Unknown,False,52.8904
Fall_and_lie,174,Lying,Lying,True,56.2874
Fall_and_lie,175,Lying,Lying,True,55.2733
Fall_and_lie,176,Lying,Lying,True,54.0101
Fall_and_lie,177,Lying,Lying,True,54.5561
Fall_and_lie,178,Lying,Lying,True,53.6558
Fall_and_lie,179,Lying,Lying,True,54.2042
Fall_and_lie,180,Lying,Lying,True,53.8307
Fall_and_lie,181,Lying,Lying,True,53.9235
Fall_and_lie,182,Lying,Lying,True,54.2259
Fall_and_lie,183,Lying,Lying,True,53.6592
Fall_and_lie,184,Lying,Lying,True,52.8025
Fall_and_lie,185,Lying,Lying,True,55.2954
Fall_and_lie,186,Lying,Lying,True,55.6936
Fall_and_lie,187,Lying,Lying,True,53.997
Fall_and_lie,188,Lying,Lying,True,54.7591
Fall_and_lie,189,Lying,Lying,True,54.4896
Fall_and_lie,190,Lying,Lying,True,57.3455
Fall_and_lie,191,Lying,Lying,True,54.2514
Fall_and_lie,192,Lying,Lying,True,53.4033
Fall_and_lie,193,Lying,Lying,True,54.4939
Fall_and_lie,194,Lying,Lying,True,55.1432
Fall_and_lie,195,Lying,Lying,True,55.1243
Fall_and_lie,196,Lying,Lying,True,53.2366
Fall_and_lie,197,Lying,Lying,True,53.9874
Fall_and_lie,198,Lying,Lying,True,54.1424
Fall_and_lie,199,Lying,Lying,True,54.0087
Fall_and_lie,200,Lying,Lying,True,53.9401
Fall_and_lie,201,Lying,Lying,True,53.8197
Fall_and_lie,202,Lying,Lying,True,55.2205
Fall_and_lie,203,Lying,Lying,True,53.7357
Fall_and_lie,204,Lying,Lying,True,54.5527
Fall_and_lie,205,Lying,Lying,True,51.3484
Fall_and_lie,206,Lying,Lying,True,55.0466
Fall_and_lie,207,Lying,Lying,True,52.3702
Fall_and_lie,208,Lying,Lying,True,52.7046
Fall_and_lie,209,Lying,Lying,True,53.6294
Fall_and_lie,210,Lying,Lying,True,54.5375
Fall_and_lie,211,Lying,Lying,True,54.0128
Fall_and_lie,212,Lying,Lying,True,52.073
Fall_and_lie,213,Lying,Lying,True,51.8582
Fall_and_lie,214,Lying,Lying,True,54.5648
Fall_and_lie,215,Lying,Lying,True,51.0513
Fall_and_lie,216,Lying,Lying,True,51.7096
Fall_and_lie,217,Lying,Lying,True,52.5459
Fall_and_lie,218,Lying,Lying,True,52.446
Fall_and_lie,219,Lying,Lying,True,52.8602
Fall_and_lie,220,Lying,Lying,True,52.5429
Fall_and_lie,221,Lying,Lying,True,53.1227
Fall_and_lie,222,Lying,Lying,True,52.5523
Fall_and_lie,223,Lying,Lying,True,53.0264
Fall_and_lie,224,Lying,Lying,True,54.0273
Fall_and_lie,225,Lying,Lying,True,53.8371
Fall_and_lie,226,Lying,Lying,True,53.6874
Fall_and_lie,227,Lying,Lying,True,53.0016
Fall_and_lie,228,Lying,Lying,True,54.3463
Fall_and_lie,229,Lying,Lying,True,54.0393
Fall_and_lie,230,Lying,Lying,True,54.5293
Fall_and_lie,231,Lying,Unknown,False,53.528
Fall_and_lie,232,Lying,Unknown,False,53.3506
Fall_and_lie,233,Lying,Unknown,False,53.5694
Fall_and_lie,234,Lying,Unknown,False,54.8981
Fall_and_lie,235,Lying,Unknown,False,52.4924
Fall_and_lie,236,Lying,Unknown,False,51.9909
Fall_and_lie,237,Lying,Unknown,False,52.9336
Fall_and_lie,238,Lying,Unknown,False,55.0345
Fall_and_lie,239,Lying,Unknown,False,52.629
Fall_and_lie,240,Lying,Unknown,False,53.0448
Fall_and_lie,241,Lying,Unknown,False,52.8851
Fall_and_lie,242,Lying,Unknown,False,55.1387
Fall_and_lie,243,Lying,Unknown,False,52.8081
Fall_and_lie,244,Lying,Unknown,False,55.3682
Fall_and_lie,245,Lying,Unknown,False,54.0322
Fall_and_lie,246,Lying,Unknown,False,56.3913
Fall_and_lie,247,Lying,Lying,True,54.9212
Fall_and_lie,248,Lying,Lying,True,52.7772
Fall_and_lie,249,Lying,Lying,True,54.0809
Fall_and_lie,250,Lying,Lying,True,53.9203
Fall_and_lie,251,Lying,Lying,True,53.485
Fall_and_lie,252,Lying,Lying,True,53.035
Fall_and_lie,253,Lying,Lying,True,54.7171
Fall_and_lie,254,Lying,Lying,True,53.0691
Fall_and_lie,255,Lying,Lying,True,52.3257
Fall_and_lie,256,Lying,Lying,True,52.14
Fall_and_lie,257,Lying,Lying,True,52.5095
Fall_and_lie,258,Lying,Lying,True,54.1946
Fall_and_lie,259,Lying,Lying,True,54.1519
Fall_and_lie,260,Lying,Lying,True,52.7984
Fall_and_lie,261,Lying,Lying,True,54.99
Fall_and_lie,262,Lying,Lying,True,53.3741
Fall_and_lie,263,Lying,Lying,True,55.3315
Fall_and_lie,264,Lying,Lying,True,54.5737
Fall_and_lie,265,Lying,Lying,True,53.9084
Fall_and_lie,266,Lying,Lying,True,54.3227
Fall_and_lie,267,Lying,Lying,True,54.0182
Fall_and_lie,268,Lying,Lying,True,54.5028
Fall_and_lie,269,Lying,Lying,True,53.8516
Fall_and_lie,270,Lying,Lying,True,54.9819
Fall_and_lie,271,Lying,Lying,True,54.1977
Fall_and_lie,272,Lying,Lying,True,53.6099
Fall_and_lie,273,Lying,Lying,True,54.0207
Fall_and_lie,274,Lying,Lying,True,53.073
Fall_and_lie,275,Lying,Lying,True,52.5139
Fall_and_lie,276,Lying,Lying,True,52.5913
Fall_and_lie,277,Lying,Lying,True,52.9186
Fall_and_lie,278,Lying,Lying,True,54.5652
Fall_and_lie,279,Lying,Lying,True,53.5548
Fall_and_lie,280,Lying,Lying,True,53.3974
Fall_and_lie,281,Lying,Lying,True,55.1724
Fall_and_lie,282,Lying,Lying,True,54.2974
Fall_and_lie,283,Lying,Unknown,False,56.8669
Fall_and_lie,284,Lying,Lying,True,56.2591
Fall_and_lie,285,Lying,Unknown,False,55.6098
Fall_and_lie,286,Lying,Unknown,False,55.8717
Fall_and_lie,287,Lying,Lying,True,53.824
Fall_and_lie,288,Lying,Unknown,False,53.5275
Fall_and_lie,289,Lying,Unknown,False,53.7824
Fall_and_lie,290,Lying,Unknown,False,53.3231
Fall_and_lie,291,Lying,Unknown,False,54.2093
Fall_and_lie,292,Lying,Unknown,False,52.6484
Fall_and_lie,293,Lying,Unknown,False,54.3845
Fall_and_lie,294,Lying,Unknown,False,53.8716
Fall_and_lie,295,Lying,Lying,True,54.1489
Fall_and_lie,296,Lying,Lying,True,53.5249
Fall_and_lie,297,Lying,Lying,True,53.7021
Fall_and_lie,298,Lying,Lying,True,54.5011
Fall_and_lie,299,Lying,Lying,True,54.848
Fall_and_lie,300,Lying,Lying,True,53.5484
Fall_and_lie,301,Lying,Lying,True,54.9981
Fall_and_lie,302,Lying,Lying,True,55.5586
Fall_and_lie,303,Lying,Lying,True,54.7599
Fall_and_lie,304,Lying,Lying,True,53.6588
Fall_and_lie,305,Lying,Lying,True,53.7874
Fall_and_lie,306,Lying,Lying,True,54.066
Fall_and_lie,307,Lying,Lying,True,53.6725
Fall_and_lie,308,Lying,Lying,True,53.162
Fall_and_lie,309,Lying,Lying,True,53.106
Fall_and_lie,310,Lying,Lying,True,53.7018
Fall_and_lie,311,Lying,Lying,True,52.7674
Fall_and_lie,312,Lying,Lying,True,53.9856
Fall_and_lie,313,Lying,Lying,True,53.238
Fall_and_lie,314,Lying,Lying,True,53.9876
Fall_and_lie,315,Lying,Lying,True,54.2261
Fall_and_lie,316,Lying,Lying,True,54.1107
Fall_and_lie,317,Lying,Lying,True,54.0719
Fall_and_lie,318,Lying,Lying,True,53.7329
Fall_and_lie,319,Lying,Lying,True,53.1458
Fall_and_lie,320,Lying,Lying,True,54.2808
Fall_and_lie,321,Lying,Lying,True,55.0981
Fall_and_lie,322,Lying,Lying,True,57.2627
Fall_and_lie,323,Lying,Lying,True,57.7085
Fall_and_lie,324,Lying,Lying,True,53.9597
Fall_and_lie,325,Lying,Lying,True,55.0838
Fall_and_lie,326,Lying,Lying,True,54.2909
Fall_and_lie,327,Lying,Lying,True,62.889
Fall_and_lie,328,Lying,Lying,True,61.1226
Fall_and_lie,329,Lying,Lying,True,63.2953
Fall_and_lie,330,Lying,Lying,True,58.8482
Fall_and_lie,331,Lying,Lying,True,57.0526
Fall_and_lie,332,Lying,Lying,True,55.7132
Fall_and_lie,333,Lying,Lying,True,55.1134
Fall_and_lie,334,Lying,Lying,True,57.1955
Fall_and_lie,335,Lying,Lying,True,54.6108
Fall_and_lie,336,Lying,Lying,True,54.8025
Fall_and_lie,337,Lying,Lying,True,54.0339
Fall_and_lie,338,Lying,Lying,True,54.9894
Fall_and_lie,339,Lying,Lying,True,54.9346
Fall_and_lie,340,Lying,Lying,True,54.5549
Fall_and_lie,341,Lying,Lying,True,55.9253
Fall_and_lie,342,Lying,Lying,True,55.0824
Fall_and_lie,343,Lying,Lying,True,55.0473
Fall_and_lie,344,Lying,Lying,True,53.2885
Fall_and_lie,345,Lying,Lying,True,54.8936
Fall_and_lie,346,Lying,Lying,True,55.112
Fall_and_lie,347,Lying,Lying,True,54.052
Fall_and_lie,348,Lying,Unknown,False,54.1229
Fall_and_lie,349,Lying,Unknown,False,54.3155
Fall_and_lie,350,Lying,Unknown,False,54.6472
Fall_and_lie,351,Lying,Unknown,False,53.3664
Fall_and_lie,352,Lying,Unknown,False,54.2415
Fall_and_lie,353,Lying,Unknown,False,53.661
Fall_and_lie,354,Lying,Unknown,False,54.4588
Far_fall,31,Standing,Standing,True,53.5705
Far_fall,32,Standing,Standing,True,54.769
Far_fall,33,Standing,Standing,True,54.6887
Far_fall,34,Standing,Standing,True,58.2266
Far_fall,35,Standing,Standing,True,54.9999
Far_fall,36,Standing,Standing,True,55.5617
Far_fall,37,Standing,Standing,True,54.6925
Far_fall,38,Standing,Standing,True,54.5409
Far_fall,39,Standing,Standing,True,53.9332
Far_fall,40,Standing,Standing,True,54.6303
Far_fall,41,Standing,Standing,True,54.8094
Far_fall,42,Standing,Standing,True,55.413
Far_fall,43,Standing,Standing,True,53.4815
Far_fall,44,Standing,Standing,True,53.6749
Far_fall,45,Standing,Standing,True,53.6997
Far_fall,46,Standing,Standing,True,56.0789
Far_fall,47,Standing,Standing,True,55.2037
Far_fall,48,,Standing,,54.3833
Far_fall,49,,Standing,,54.6035
Far_fall,50,,Standing,,56.8763
Far_fall,51,,Standing,,56.1105
Far_fall,52,,Standing,,56.094
Far_fall,53,,Standing,,53.9979
Far_fall,54,,Unknown,,53.5604
Far_fall,55,,Unknown,,55.026
Far_fall,56,,Unknown,,55.6587
Far_fall,57,,Unknown,,55.5862
Far_fall,58,,Unknown,,56.8307
Far_fall,59,,Unknown,,53.6886
Far_fall,60,,Unknown,,54.3729
Far_fall,61,,Unknown,,55.0018
Far_fall,62,,Lying,,55.0877
Far_fall,63,,Lying,,54.701
Far_fall,64,,Lying,,53.3789
Far_fall,65,,Lying,,54.4376
Far_fall,66,,Lying,,51.9191
Far_fall,67,,Lying,,52.4689
Far_fall,68,,Lying,,52.4663
Far_fall,69,,Lying,,53.3181
Far_fall,70,,Lying,,52.9398
Far_fall,71,,Lying,,52.3329
Far_fall,72,,Lying,,51.7267
Far_fall,73,,Lying,,51.4599
Far_fall,74,,Lying,,55.2743
Far_fall,75,,Lying,,54.9671
Far_fall,76,,Lying,,53.7956
Far_fall,77,,Lying,,53.6051
Far_fall,78,,Lying,,53.3293
Far_fall,79,,Lying,,53.0799
Far_fall,80,,Lying,,52.6088
Far_fall,81,Lying,Lying,True,53.2346
Far_fall,82,Lying,Lying,True,54.378
Far_fall,83,Lying,Lying,True,53.7902
Far_fall,84,Lying,Lying,True,54.3976
Far_fall,85,Lying,Lying,True,55.7248
Far_fall,86,Lying,Lying,True,55.9732
Far_fall,87,Lying,Lying,True,55.909
Far_fall,88,Lying,Lying,True,55.0506
Far_fall,89,Lying,Lying,True,54.8702
Far_fall,90,Lying,Lying,True,55.4144
Far_fall,91,Lying,Lying,True,53.8949
Far_fall,92,Lying,Lying,True,54.8664
Far_fall,93,Lying,Lying,True,54.5651
Far_fall,94,Lying,Lying,True,56.3932
Far_fall,95,Lying,Lying,True,55.1294
Far_fall,96,Lying,Lying,True,54.6877
Far_fall,97,Lying,Lying,True,54.8454
Far_fall,98,Lying,Lying,True,54.2909
Far_fall,99,Lying,Lying,True,53.9021
Far_fall,100,Lying,Lying,True,54.0807
Far_fall,101,Lying,Lying,True,54.079
Far_fall,102,Lying,Lying,True,54.5171
Far_fall,103,Lying,Lying,True,54.8839
Far_fall,104,Lying,Lying,True,54.1649
Far_fall,105,Lying,Lying,True,55.2483
Far_fall,106,Lying,Lying,True,56.1064
Far_fall,107,Lying,Lying,True,53.7249
Far_fall,108,Lying,Lying,True,52.7084
Far_fall,109,Lying,Lying,True,52.0395
Far_fall,110,Lying,Lying,True,53.7741
Far_fall,111,Lying,Lying,True,52.0161
Far_fall,112,Lying,Lying,True,53.1425
Far_fall,113,Lying,Lying,True,52.7892
Far_fall,114,Lying,Lying,True,56.9924
Far_fall,115,Lying,Lying,True,54.4926
Far_fall,116,Lying,Lying,True,53.0769
Far_fall,117,Lying,Lying,True,53.032
Far_fall,118,Lying,Lying,True,53.5751
Far_fall,119,Lying,Lying,True,53.5395
Far_fall,120,Lying,Lying,True,53.57
Far_fall,121,Lying,Lying,True,53.0576
Far_fall,122,Lying,Lying,True,55.2725
Far_fall,123,Lying,Lying,True,53.8613
Far_fall,124,Lying,Lying,True,52.7407
Far_fall,125,Lying,Lying,True,52.1139
Far_fall,126,Lying,Lying,True,53.308
Far_fall,127,Lying,Lying,True,51.8514
Far_fall,128,Lying,Lying,True,52.3071
Far_fall,129,Lying,Lying,True,53.4062
Occluded_fall,31,Standing,Standing,True,52.9954
Occluded_fall,32,Standing,Unknown,False,52.5762
Occluded_fall,33,Standing,Unknown,False,52.865
Occluded_fall,34,Standing,Standing,True,53.0549
Occluded_fall,35,Standing,Standing,True,54.4096
Occluded_fall,36,Standing,Standing,True,54.1124
Occluded_fall,37,Standing,Standing,True,53.384
Occluded_fall,38,Standing,Standing,True,54.263
Occluded_fall,39,Standing,Standing,True,53.6648
Occluded_fall,40,Standing,Standing,True,53.8884
Occluded_fall,41,Standing,Standing,True,53.8826
Occluded_fall,42,Standing,Standing,True,55.6288
Occluded_fall,43,Standing,Standing,True,56.058
Occluded_fall,44,Standing,Standing,True,54.9639
Occluded_fall,45,Standing,Standing,True,51.1503
Occluded_fall,46,Standing,Unknown,False,51.901
Occluded_fall,47,Standing,Lying,False,52.6517
Occluded_fall,48,Standing,Lying,False,52.9214
Occluded_fall,49,Standing,Lying,False,52.5577
Occluded_fall,50,Standing,Lying,False,52.697
Occluded_fall,51,,Lying,,54.3119
Occluded_fall,52,,Lying,,52.0757
Occluded_fall,53,,Lying,,52.534
Occluded_fall,54,,Lying,,54.9447
Occluded_fall,55,,Lying,,54.7016
Occluded_fall,56,,Lying,,52.0435
Occluded_fall,57,,Lying,,52.2117
Occluded_fall,58,,Lying,,52.8463
Occluded_fall,59,,Lying,,53.6174
Occluded_fall,60,,Lying,,56.6024
Occluded_fall,61,,Lying,,53.4596
Occluded_fall,62,,Lying,,54.4578
Occluded_fall,63,,Lying,,55.7371
Occluded_fall,64,,Lying,,56.8342
Occluded_fall,65,,Lying,,54.5678
Occluded_fall,66,,Lying,,54.9486
Occluded_fall,67,,Lying,,55.8381
Occluded_fall,68,,Lying,,54.3332
Occluded_fall,69,,Lying,,53.2733
Occluded_fall,70,,Lying,,54.2878
Occluded_fall,71,,Lying,,53.9533
Occluded_fall,72,,Lying,,53.9894
Occluded_fall,73,,Lying,,53.3547
Occluded_fall,74,,Lying,,55.0825
Occluded_fall,75,,Lying,,55.3101
Occluded_fall,76,,Lying,,54.421
Occluded_fall,77,,Lying,,53.5967
Occluded_fall,78,,Lying,,54.686
Occluded_fall,79,,Lying,,54.3927
Occluded_fall,80,,Lying,,53.5394
Occluded_fall,81,,Lying,,54.5468
Occluded_fall,82,,Lying,,54.2118
Occluded_fall,83,,Lying,,56.4134
Occluded_fall,84,Lying,Lying,True,54.8565
Occluded_fall,85,Lying,Lying,True,55.5617
Occluded_fall,86,Lying,Lying,True,54.8225
Occluded_fall,87,Lying,Lying,True,54.5112
Occluded_fall,88,Lying,Lying,True,54.3577
Occluded_fall,89,Lying,Lying,True,55.1805
Occluded_fall,90,Lying,Lying,True,54.3006
Occluded_fall,91,Lying,Lying,True,54.3109
Occluded_fall,92,Lying,Lying,True,53.7587
Occluded_fall,93,Lying,Lying,True,55.3438
Occluded_fall,94,Lying,Lying,True,54.8912
Occluded_fall,95,Lying,Lying,True,54.7329
Occluded_fall,96,Lying,Lying,True,54.4636
Occluded_fall,97,Lying,Lying,True,54.1852
Occluded_fall,98,Lying,Lying,True,54.482
Occluded_fall,99,Lying,Lying,True,56.7987
Occluded_fall,100,Lying,Lying,True,55.0887
Occluded_fall,101,Lying,Lying,True,57.0636
Occluded_fall,102,Lying,Lying,True,54.7564
Occluded_fall,103,Lying,Lying,True,56.4849
Occluded_fall,104,Lying,Lying,True,54.3309
Occluded_fall,105,Lying,Lying,True,54.603
Occluded_fall,106,Lying,Lying,True,54.2619
Occluded_fall,107,Lying,Lying,True,55.9026
Occluded_fall,108,Lying,Lying,True,54.4572
Occluded_fall,109,Lying,Lying,True,54.1689
Occluded_fall,110,Lying,Lying,True,53.659
Occluded_fall,111,Lying,Lying,True,53.8151
Occluded_fall,112,Lying,Lying,True,53.4996
Occluded_fall,113,Lying,Lying,True,51.5483
Occluded_fall,114,Lying,Lying,True,52.1174
Occluded_fall,115,Lying,Lying,True,54.0306
Occluded_fall,116,Lying,Lying,True,51.1393
Occluded_fall,117,Lying,Lying,True,53.1347
Occluded_fall,118,Lying,Lying,True,53.5632
Occluded_fall,119,Lying,Lying,True,53.2404
Occluded_fall,120,Lying,Lying,True,52.3361
Occluded_fall,121,Lying,Lying,True,52.1467
Occluded_fall,122,Lying,Lying,True,53.2883
Occluded_fall,123,Lying,Lying,True,50.6091
Occluded_fall,124,Lying,Lying,True,50.042
Occluded_fall,125,Lying,Lying,True,51.2087
Occluded_fall,126,Lying,Lying,True,51.4393
Occluded_fall,127,Lying,Lying,True,53.3668
Occluded_fall,128,Lying,Lying,True,51.5732
Occluded_fall,129,Lying,Lying,True,52.1404
Occluded_fall,130,Lying,Lying,True,52.8197
Occluded_fall,131,Lying,Lying,True,53.3624
Occluded_fall,132,Lying,Lying,True,53.1893
Occluded_fall,133,Lying,Lying,True,58.2709
Occluded_fall,134,Lying,Lying,True,54.0329
Occluded_fall,135,Lying,Lying,True,56.1786
Occluded_fall,136,Lying,Lying,True,55.2083
Occluded_fall,137,Lying,Lying,True,55.8146
Occluded_fall,138,Lying,Lying,True,54.2143
Occluded_fall,139,Lying,Lying,True,54.6728
Occluded_fall,140,Lying,Lying,True,53.795
Occluded_fall,141,Lying,Lying,True,54.5371
Occluded_fall,142,Lying,Lying,True,55.8982
Occluded_fall,143,Lying,Lying,True,55.719
Occluded_fall,144,Lying,Lying,True,54.6653
Occluded_fall,145,Lying,Lying,True,54.8282
Occluded_fall,146,Lying,Lying,True,55.7439
Occluded_fall,147,Lying,Lying,True,55.2621
Occluded_fall,148,Lying,Lying,True,54.588
Occluded_fall,149,Lying,Lying,True,55.3863
Occluded_fall,150,Lying,Lying,True,53.7947
Occluded_fall,151,Lying,Lying,True,57.1733
Occluded_fall,152,Lying,Lying,True,56.4475
Occluded_fall,153,Lying,Lying,True,55.4937
Occluded_fall,154,Lying,Lying,True,55.5801
Occluded_fall,155,Lying,Lying,True,56.4893
Occluded_fall,156,Lying,Lying,True,54.4613
Occluded_fall,157,Lying,Lying,True,54.6321
Occluded_fall,158,Lying,Lying,True,55.0556
Occluded_fall,159,Lying,Lying,True,54.9719
Occluded_fall,160,Lying,Lying,True,54.4897
Occluded_fall,161,Lying,Lying,True,53.7225
Occluded_fall,162,Lying,Lying,True,51.3898
Occluded_fall,163,Lying,Lying,True,52.3861
Occluded_fall,164,Lying,Lying,True,53.2723
Occluded_fall,165,Lying,Lying,True,52.8019
Occluded_fall,166,Lying,Lying,True,52.2217
Occluded_fall,167,Lying,Lying,True,53.6428
Occluded_fall,168,Lying,Lying,True,52.5406
Occluded_fall,169,Lying,Lying,True,52.5377
Occluded_fall,170,Lying,Lying,True,54.6064
Occluded_fall,171,Lying,Lying,True,53.4503
Off_axis_fall,31,Standing,Standing,True,50.2825
Off_axis_fall,32,,Standing,,52.7708
Off_axis_fall,33,,Standing,,52.2983
Off_axis_fall,34,,Standing,,52.031
Off_axis_fall,35,,Standing,,52.1473
Off_axis_fall,36,,Standing,,52.2732
Off_axis_fall,37,,Standing,,52.5184
Off_axis_fall,38,,Standing,,53.1637
Off_axis_fall,39,,Unknown,,52.1853
Off_axis_fall,40,,Unknown,,53.6919
Off_axis_fall,41,,Unknown,,52.5949
Off_axis_fall,42,,Unknown,,53.7106
Off_axis_fall,43,,Unknown,,53.1353
Off_axis_fall,44,,Unknown,,52.5276
Off_axis_fall,45,,Unknown,,52.9249
Off_axis_fall,46,,Unknown,,53.2324
Off_axis_fall,47,,Unknown,,52.4119
Off_axis_fall,48,,Lying,,55.5799
Off_axis_fall,49,,Lying,,53.6651
Off_axis_fall,50,,Lying,,57.4218
Off_axis_fall,51,,Lying,,57.0197
Off_axis_fall,52,,Lying,,55.2335
Off_axis_fall,53,,Lying,,54.892
Off_axis_fall,54,,Lying,,55.5609
Off_axis_fall,55,,Lying,,54.7585
Off_axis_fall,56,,Lying,,54.8624
Off_axis_fall,57,,Lying,,54.432
Off_axis_fall,58,,Lying,,56.9034
Off_axis_fall,59,,Lying,,54.7731
Off_axis_fall,60,,Lying,,52.4416
Off_axis_fall,61,,Lying,,54.245
Off_axis_fall,62,,Lying,,55.7379
Off_axis_fall,63,,Lying,,54.5011
Off_axis_fall,64,,Lying,,53.4447
Off_axis_fall,65,Lying,Lying,True,53.8047
Off_axis_fall,66,Lying,Lying,True,56.0481
Off_axis_fall,67,Lying,Lying,True,54.0849
Off_axis_fall,68,Lying,Lying,True,52.8979
Off_axis_fall,69,Lying,Lying,True,55.3214
Off_axis_fall,70,Lying,Lying,True,56.8712
Off_axis_fall,71,Lying,Lying,True,54.7911
Off_axis_fall,72,Lying,Lying,True,54.4147
Off_axis_fall,73,Lying,Lying,True,54.4171
Off_axis_fall,74,Lying,Lying,True,54.8032
Off_axis_fall,75,Lying,Lying,True,53.5543
Off_axis_fall,76,Lying,Lying,True,53.9808
Off_axis_fall,77,Lying,Lying,True,53.2525
Off_axis_fall,78,Lying,Lying,True,54.3598
Off_axis_fall,79,Lying,Lying,True,53.1729
Off_axis_fall,80,Lying,Lying,True,54.0905
Off_axis_fall,81,Lying,Lying,True,53.0556
Off_axis_fall,82,Lying,Lying,True,53.579
Off_axis_fall,83,Lying,Lying,True,52.9042
Off_axis_fall,84,Lying,Lying,True,53.7769
Off_axis_fall,85,Lying,Lying,True,53.4167
Off_axis_fall,86,Lying,Lying,True,54.2019
Off_axis_fall,87,Lying,Lying,True,54.4823
Off_axis_fall,88,Lying,Lying,True,55.8093
Off_axis_fall,89,Lying,Lying,True,55.3315
Off_axis_fall,90,Lying,Lying,True,55.8447
Off_axis_fall,91,Lying,Lying,True,55.1204
Off_axis_fall,92,Lying,Lying,True,54.3735
Off_axis_fall,93,Lying,Lying,True,55.145
Off_axis_fall,94,Lying,Lying,True,54.8924
Off_axis_fall,95,Lying,Lying,True,54.2773
Off_axis_fall,96,Lying,Lying,True,54.109
Off_axis_fall,97,Lying,Lying,True,54.4103
Off_axis_fall,98,Lying,Lying,True,54.9168
Off_axis_fall,99,Lying,Lying,True,54.5854
Off_axis_fall,100,Lying,Lying,True,54.6501
Off_axis_fall,101,Lying,Lying,True,54.8058
Off_axis_fall,102,Lying,Unknown,False,55.7126
Off_axis_fall,103,Lying,Lying,True,54.6649
Off_axis_fall,104,Lying,Lying,True,53.3133
Off_axis_fall,105,Lying,Lying,True,53.8712
Off_axis_fall,106,Lying,Unknown,False,57.9907
Off_axis_fall,107,Lying,Lying,True,54.0551
Off_axis_fall,108,Lying,Lying,True,54.3848
Off_axis_fall,109,Lying,Lying,True,53.5759
Off_axis_fall,110,Lying,Lying,True,52.5497
Off_axis_fall,111,Lying,Lying,True,53.1188
Off_axis_fall,112,Lying,Lying,True,52.8837
Off_axis_fall,113,Lying,Lying,True,53.8333
Off_axis_fall,114,Lying,Lying,True,53.8847
Off_axis_fall,115,Lying,Lying,True,52.3539
Off_axis_fall,116,Lying,Lying,True,52.0407
Off_axis_fall,117,Lying,Lying,True,52.8761
Off_axis_fall,118,Lying,Lying,True,54.6158
Off_axis_fall,119,Lying,Lying,True,54.2664
Off_axis_fall,120,Lying,Lying,True,53.4427
Off_axis_fall,121,Lying,Lying,True,54.4808
Off_axis_fall,122,Lying,Lying,True,54.0273
Off_axis_fall,123,Lying,Lying,True,53.3952
Off_axis_fall,124,Lying,Lying,True,52.2092
Side_fall,31,Standing,Standing,True,55.0342
Side_fall,32,Standing,Standing,True,55.2424
Side_fall,33,,Standing,,54.6211
Side_fall,34,,Standing,,54.5016
Side_fall,35,,Standing,,54.5687
Side_fall,36,,Standing,,55.2347
Side_fall,37,,Standing,,54.0274
Side_fall,38,,Standing,,53.3476
Side_fall,39,,Standing,,55.0279
Side_fall,40,,Standing,,54.1618
Side_fall,41,,Standing,,54.2131
Side_fall,42,,Standing,,54.3401
Side_fall,43,,Standing,,55.8492
Side_fall,44,,Standing,,55.406
Side_fall,45,,Standing,,54.6334
Side_fall,46,,Standing,,54.2031
Side_fall,47,,Standing,,54.1983
Side_fall,48,,Standing,,54.3737
Side_fall,49,,Standing,,54.4906
Side_fall,50,,Standing,,54.7538
Side_fall,51,,Unknown,,53.5409
Side_fall,52,,Lying,,54.7596
Side_fall,53,,Lying,,55.8316
Side_fall,54,,Lying,,54.3288
Side_fall,55,,Lying,,53.9368
Side_fall,56,,Lying,,54.835
Side_fall,57,,Lying,,54.0295
Side_fall,58,,Lying,,53.7118
Side_fall,59,,Lying,,55.7933
Side_fall,60,,Lying,,56.8756
Side_fall,61,,Lying,,56.4531
Side_fall,62,,Lying,,54.7649
Side_fall,63,,Lying,,52.9373
Side_fall,64,,Lying,,54.979
Side_fall,65,,Lying,,53.4129
Side_fall,66,,Lying,,53.2174
Side_fall,67,,Lying,,53.306
Side_fall,68,,Lying,,56.2507
Side_fall,69,Lying,Lying,True,54.2287
Side_fall,70,Lying,Lying,True,55.6564
Side_fall,71,Lying,Lying,True,55.0045
Side_fall,72,Lying,Lying,True,55.7272
Side_fall,73,Lying,Lying,True,53.4118
Side_fall,74,Lying,Lying,True,53.4707
Side_fall,75,Lying,Lying,True,53.3538
Side_fall,76,Lying,Lying,True,53.7957
Side_fall,77,Lying,Lying,True,52.3137
Side_fall,78,Lying,Lying,True,54.0968
Side_fall,79,Lying,Lying,True,53.6128
Side_fall,80,Lying,Lying,True,54.7277
Side_fall,81,Lying,Lying,True,53.6776
Side_fall,82,Lying,Lying,True,56.4496
Side_fall,83,Lying,Lying,True,56.3725
Side_fall,84,Lying,Lying,True,55.6069
Side_fall,85,Lying,Lying,True,54.0225
Side_fall,86,Lying,Lying,True,55.781
Side_fall,87,Lying,Lying,True,54.3496
Side_fall,88,Lying,Lying,True,58.2289
Side_fall,89,Lying,Lying,True,115.8201
Side_fall,90,Lying,Lying,True,118.3298
Side_fall,91,Lying,Lying,True,127.8227
Side_fall,92,Lying,Lying,True,163.2063
Side_fall,93,Lying,Lying,True,137.2494
Side_fall,94,Lying,Lying,True,141.9532
Side_fall,95,Lying,Lying,True,138.6127
Side_fall,96,Lying,Lying,True,138.8244
Side_fall,97,Lying,Lying,True,134.2414
Side_fall,98,Lying,Lying,True,84.8089
Side_fall,99,Lying,Lying,True,76.3271
Side_fall,100,Lying,Lying,True,70.7885
Side_fall,101,Lying,Lying,True,67.8894
Side_fall,102,Lying,Lying,True,64.0027
Side_fall,103,Lying,Lying,True,63.7807
Side_fall,104,Lying,Lying,True,61.754
Side_fall,105,Lying,Lying,True,61.5355
Side_fall,106,Lying,Lying,True,60.405
Side_fall,107,Lying,Lying,True,58.77
Side_fall,108,Lying,Lying,True,60.4251
Side_fall,109,Lying,Lying,True,57.5233
Side_fall,110,Lying,Lying,True,55.5891
Side_fall,111,Lying,Lying,True,54.5747
Side_fall,112,Lying,Lying,True,55.6077
Side_fall,113,Lying,Lying,True,54.6385
Side_fall,114,Lying,Lying,True,54.8825
Side_fall,115,Lying,Lying,True,56.1627
Side_fall,116,Lying,Lying,True,55.7741
Side_fall,117,Lying,Lying,True,54.3057
Side_fall,118,Lying,Lying,True,54.4552
Side_fall,119,Lying,Lying,True,54.3506
Side_fall,120,Lying,Lying,True,55.0952
Side_fall,121,Lying,Lying,True,53.6277
Side_fall,122,Lying,Lying,True,55.7163
Side_fall,123,Lying,Lying,True,53.7764
Side_fall,124,Lying,Lying,True,55.747
Side_fall,125,Lying,Lying,True,53.4696
Side_fall,126,Lying,Lying,True,54.0334
Side_fall,127,Lying,Lying,True,54.4468
Side_fall,128,Lying,Lying,True,54.3908
Side_fall,129,Lying,Lying,True,52.0281
Side_fall,130,Lying,Lying,True,54.3824
Side_fall,131,Lying,Lying,True,54.0177
Side_fall,132,Lying,Lying,True,54.6024
Side_fall,133,Lying,Lying,True,53.1687
Side_fall,134,Lying,Lying,True,55.7402
Side_fall,135,Lying,Lying,True,54.3462
Side_fall,136,Lying,Lying,True,54.681
Side_fall,137,Lying,Lying,True,53.6574
Side_fall,138,Lying,Lying,True,54.1762
Side_fall,139,Lying,Lying,True,54.2209
Side_fall,140,Lying,Lying,True,54.862
Side_fall,141,Lying,Lying,True,53.7922
Side_fall,142,Lying,Lying,True,54.1008
Side_fall,143,Lying,Lying,True,55.8603
Side_fall,144,Lying,Lying,True,58.1961
Side_fall,145,Lying,Lying,True,54.6647
Side_fall,146,Lying,Lying,True,55.3738
Side_fall,147,Lying,Lying,True,55.2271
Side_fall,148,Lying,Lying,True,55.9108
Side_fall,149,Lying,Lying,True,54.5106
Side_fall,150,Lying,Lying,True,54.2552
Side_fall,151,Lying,Lying,True,54.1355
Side_fall,152,Lying,Lying,True,54.9796
Side_fall,153,Lying,Lying,True,54.859
Side_fall,154,Lying,Lying,True,51.6512
Side_fall,155,Lying,Lying,True,51.784
Side_fall,156,Lying,Lying,True,53.7874
Side_fall,157,Lying,Lying,True,51.4282
Side_fall,158,Lying,Lying,True,52.343
Side_fall,159,Lying,Lying,True,52.1709
Side_fall,160,Lying,Lying,True,53.4529
Side_fall,161,Lying,Lying,True,53.5425
Side_fall,162,Lying,Lying,True,53.1204
Side_fall,163,Lying,Lying,True,59.5057
Slow_fall,31,Standing,Unknown,False,53.7503
Slow_fall,32,Standing,Unknown,False,56.2021
Slow_fall,33,Standing,Unknown,False,54.4183
Slow_fall,34,Standing,Unknown,False,55.1401
Slow_fall,35,Standing,Unknown,False,53.7348
Slow_fall,36,Standing,Unknown,False,54.5794
Slow_fall,37,Standing,Lying,False,54.0451
Slow_fall,38,Standing,Lying,False,53.9717
Slow_fall,39,Standing,Lying,False,54.9115
Slow_fall,40,Standing,Lying,False,53.4918
Slow_fall,41,Standing,Lying,False,52.7122
Slow_fall,42,Standing,Lying,False,52.5936
Slow_fall,43,Standing,Lying,False,53.747
Slow_fall,44,Standing,Lying,False,55.067
Slow_fall,45,Standing,Lying,False,54.0328
Slow_fall,46,Standing,Lying,False,55.0765
Slow_fall,47,Standing,Lying,False,54.3851
Slow_fall,48,Standing,Lying,False,56.646
Slow_fall,49,Standing,Lying,False,56.9457
Slow_fall,50,Standing,Lying,False,55.502
Slow_fall,51,Standing,Lying,False,54.9364
Slow_fall,52,Standing,Lying,False,54.6087
Slow_fall,53,Standing,Lying,False,55.4882
Slow_fall,54,Standing,Lying,False,54.5262
Slow_fall,55,Standing,Lying,False,54.8903
Slow_fall,56,Standing,Lying,False,55.3083
Slow_fall,57,Standing,Lying,False,55.0015
Slow_fall,58,Standing,Lying,False,54.8225
Slow_fall,59,Standing,Lying,False,55.3809
Slow_fall,60,Standing,Lying,False,54.7987
Slow_fall,61,Standing,Lying,False,54.2293
Slow_fall,62,Standing,Lying,False,54.8661
Slow_fall,63,Standing,Lying,False,53.8255
Slow_fall,64,Standing,Lying,False,55.2353
Slow_fall,65,Standing,Lying,False,53.5558
Slow_fall,66,,Lying,,55.7951
Slow_fall,67,,Lying,,59.7661
Slow_fall,68,,Lying,,57.2174
Slow_fall,69,,Lying,,57.1273
Slow_fall,70,,Lying,,60.9627
Slow_fall,71,,Lying,,64.2489
Slow_fall,72,,Lying,,67.4577
Slow_fall,73,,Lying,,65.2698
Slow_fall,74,,Lying,,66.0685
Slow_fall,75,,Lying,,76.7188
Slow_fall,76,,Lying,,67.4816
Slow_fall,77,,Lying,,65.8707
Slow_fall,78,,Lying,,70.0887
Slow_fall,79,,Lying,,64.6507
Slow_fall,80,,Lying,,62.2334
Slow_fall,81,,Lying,,59.2631
Slow_fall,82,,Lying,,61.0011
Slow_fall,83,,Lying,,60.0197
Slow_fall,84,,Lying,,58.634
Slow_fall,85,,Lying,,57.1068
Slow_fall,86,,Lying,,56.2569
Slow_fall,87,,Lying,,55.7062
Slow_fall,88,,Lying,,56.3697
Slow_fall,89,,Lying,,54.2336
Slow_fall,90,,Lying,,55.7741
Slow_fall,91,,Lying,,54.8304
Slow_fall,92,,Lying,,56.0863
Slow_fall,93,,Lying,,54.7269
Slow_fall,94,,Lying,,55.3472
Slow_fall,95,,Lying,,55.2989
Slow_fall,96,,Lying,,55.0871
Slow_fall,97,,Lying,,54.031
Slow_fall,98,,Lying,,57.9383
Slow_fall,99,,Lying,,55.5488
Slow_fall,100,,Lying,,56.8693
Slow_fall,101,,Lying,,54.8845
Slow_fall,102,,Lying,,54.583
Slow_fall,103,,Lying,,53.9698
Slow_fall,104,,Lying,,56.4738
Slow_fall,105,,Lying,,54.648
Slow_fall,106,,Lying,,55.6319
Slow_fall,107,,Lying,,54.4964
Slow_fall,108,,Lying,,55.5582
Slow_fall,109,,Lying,,55.5793
Slow_fall,110,,Lying,,54.8092
Slow_fall,111,,Lying,,53.8665
Slow_fall,112,,Lying,,55.4462
Slow_fall,113,,Lying,,54.434
Slow_fall,114,,Lying,,55.519
Slow_fall,115,,Lying,,55.2356
Slow_fall,116,,Lying,,55.1067
Slow_fall,117,,Lying,,55.5146
Slow_fall,118,,Lying,,55.9488
Slow_fall,119,,Lying,,56.747
Slow_fall,120,,Lying,,59.0177
Slow_fall,121,,Lying,,53.715
Slow_fall,122,,Lying,,53.5857
Slow_fall,123,,Lying,,54.1731
Slow_fall,124,,Lying,,52.7867
Slow_fall,125,,Lying,,51.8502
Slow_fall,126,Lying,Lying,True,52.0156
Slow_fall,127,Lying,Lying,True,52.8104
Slow_fall,128,Lying,Lying,True,54.2269
Slow_fall,129,Lying,Lying,True,52.5163
Slow_fall,130,Lying,Lying,True,52.5462
Slow_fall,131,Lying,Lying,True,52.3469
Slow_fall,132,Lying,Lying,True,53.6585
Slow_fall,133,Lying,Lying,True,57.4031
Slow_fall,134,Lying,Lying,True,54.2909
Slow_fall,135,Lying,Lying,True,53.8675
Slow_fall,136,Lying,Lying,True,56.2718
Slow_fall,137,Lying,Lying,True,55.8303
Slow_fall,138,Lying,Lying,True,54.8358
Slow_fall,139,Lying,Lying,True,53.7417
Slow_fall,140,Lying,Lying,True,61.7663
Slow_fall,141,Lying,Lying,True,58.9062
Slow_fall,142,Lying,Lying,True,55.6762
Slow_fall,143,Lying,Lying,True,55.0064
Slow_fall,144,Lying,Lying,True,55.1372
Slow_fall,145,Lying,Lying,True,54.8223
Slow_fall,146,Lying,Lying,True,54.3724
Slow_fall,147,Lying,Lying,True,54.4361
Slow_fall,148,Lying,Lying,True,56.2481
Slow_fall,149,Lying,Lying,True,55.7742
Slow_fall,150,Lying,Lying,True,55.9485
Slow_fall,151,Lying,Lying,True,55.2621
Slow_fall,152,Lying,Lying,True,56.9663
Slow_fall,153,Lying,Lying,True,56.3195
Slow_fall,154,Lying,Lying,True,55.654
Slow_fall,155,Lying,Lying,True,56.8131
Slow_fall,156,Lying,Lying,True,56.5922
Slow_fall,157,Lying,Lying,True,54.131
Slow_fall,158,Lying,Lying,True,55.0699
Slow_fall,159,Lying,Lying,True,54.9812
Slow_fall,160,Lying,Lying,True,54.5523
Slow_fall,161,Lying,Lying,True,53.8767
Slow_fall,162,Lying,Lying,True,51.8174
Slow_fall,163,Lying,Lying,True,51.3551
Slow_fall,164,Lying,Lying,True,52.7151
Slow_fall,165,Lying,Lying,True,52.3065
Slow_fall,166,Lying,Lying,True,52.4276
Slow_fall,167,Lying,Lying,True,53.2027
Slow_fall,168,Lying,Lying,True,54.7188
Slow_fall,169,Lying,Lying,True,52.2654
Slow_fall,170,Lying,Lying,True,52.8155
Slow_fall,171,Lying,Lying,True,54.7192
Slow_fall,172,Lying,Lying,True,54.9733
Slow_fall,173,Lying,Lying,True,54.0924
Slow_fall,174,Lying,Lying,True,54.4844
Slow_fall,175,Lying,Lying,True,55.3106
Slow_fall,176,Lying,Lying,True,54.4908
Slow_fall,177,Lying,Lying,True,53.0964
Slow_fall,178,Lying,Unknown,False,53.6191
Slow_fall,179,Lying,Unknown,False,53.6462
Slow_fall,180,Lying,Unknown,False,54.8999
Slow_fall,181,Lying,Unknown,False,53.9854
Slow_fall,182,Lying,Unknown,False,51.7578
Slow_fall,183,Lying,Unknown,False,51.5696
Slow_fall,184,Lying,Unknown,False,52.8559
Slow_fall,185,Lying,Unknown,False,52.6286
Slow_fall,186,Lying,Unknown,False,52.2907
Slow_fall,187,Lying,Unknown,False,53.0625
Slow_fall,188,Lying,Unknown,False,53.5041
Slow_fall,189,Lying,Lying,True,53.1876
Slow_fall,190,Lying,Lying,True,53.2115
Slow_fall,191,Lying,Lying,True,55.5139
Slow_fall,192,Lying,Lying,True,57.3341
Slow_fall,193,Lying,Lying,True,55.5804
Slow_fall,194,Lying,Lying,True,54.2748
Slow_fall,195,Lying,Lying,True,54.1004
Slow_fall,196,Lying,Lying,True,55.3784
Slow_fall,197,Lying,Lying,True,54.1803
Slow_fall,198,Lying,Lying,True,54.7932
Slow_fall,199,Lying,Lying,True,54.9709
Slow_fall,200,Lying,Lying,True,55.539
Slow_fall,201,Lying,Lying,True,54.3696
Slow_fall,202,Lying,Lying,True,53.7794
Slow_fall,203,Lying,Lying,True,53.3219
Slow_fall,204,Lying,Lying,True,54.2388
Slow_fall,205,Lying,Lying,True,53.2476
