clip_name,frame_number,gt_label,pred_label,correct,confidence,nan_fraction,latency_ms
Backward_fall,31,Standing,Unknown,False,0.418,0.0,335.1745
Backward_fall,32,Standing,Unknown,False,0.412,0.0,87.7262
Backward_fall,33,Standing,Unknown,False,0.405,0.0,102.0687
Backward_fall,34,Standing,Unknown,False,0.4,0.0,97.973
Backward_fall,35,Standing,Unknown,False,0.394,0.0,139.0198
Backward_fall,36,,Unknown,,0.39,0.0,95.956
Backward_fall,37,,Unknown,,0.388,0.0,76.8301
Backward_fall,38,,Unknown,,0.387,0.0,72.038
Backward_fall,39,,Unknown,,0.388,0.0,69.759
Backward_fall,40,,Unknown,,0.389,0.0,67.0776
Backward_fall,41,,Unknown,,0.39,0.0,63.9217
Backward_fall,42,,Unknown,,0.392,0.0,62.3619
Backward_fall,43,,Unknown,,0.393,0.0,61.6586
Backward_fall,44,,Unknown,,0.394,0.0,69.4134
Backward_fall,45,,Unknown,,0.395,0.0,59.9622
Backward_fall,46,,Unknown,,0.397,0.0,60.5906
Backward_fall,47,,Unknown,,0.397,0.0,65.8004
Backward_fall,48,,Unknown,,0.397,0.0,62.1088
Backward_fall,49,,Unknown,,0.399,0.0,63.9294
Backward_fall,50,,Unknown,,0.401,0.0,60.324
Backward_fall,51,,Unknown,,0.403,0.0,64.4436
Backward_fall,52,,Unknown,,0.405,0.0,62.3057
Backward_fall,53,,Unknown,,0.408,0.0,57.5123
Backward_fall,54,,Unknown,,0.412,0.0,58.708
Backward_fall,55,,Unknown,,0.418,0.0,56.9051
Backward_fall,56,,Unknown,,0.423,0.0,58.311
Backward_fall,57,,Unknown,,0.428,0.0,58.3869
Backward_fall,58,,Unknown,,0.432,0.0,57.2225
Backward_fall,59,,Unknown,,0.433,0.0,56.8256
Backward_fall,60,,Unknown,,0.432,0.0,57.8583
Backward_fall,61,,Unknown,,0.431,0.0,59.6114
Backward_fall,62,,Unknown,,0.43,0.0,57.6892
Backward_fall,63,,Unknown,,0.43,0.0,61.3836
Backward_fall,64,,Unknown,,0.429,0.0,64.7887
Backward_fall,65,,Unknown,,0.428,0.0,65.2736
Backward_fall,66,,Unknown,,0.426,0.0,69.6229
Backward_fall,67,,Unknown,,0.422,0.0,86.5877
Backward_fall,68,,Unknown,,0.413,0.0,68.1528
Backward_fall,69,Lying,Unknown,False,0.411,0.0,63.3076
Backward_fall,70,Lying,Unknown,False,0.406,0.0,61.741
Backward_fall,71,Lying,Unknown,False,0.395,0.0,60.645
Backward_fall,72,Lying,Unknown,False,0.389,0.0,60.5093
Backward_fall,73,Lying,Unknown,False,0.386,0.0,59.1781
Backward_fall,74,Lying,Unknown,False,0.385,0.0,59.7232
Backward_fall,75,Lying,Unknown,False,0.385,0.0,65.1454
Backward_fall,76,Lying,Unknown,False,0.385,0.0,75.8129
Backward_fall,77,Lying,Unknown,False,0.389,0.0,86.4867
Backward_fall,78,Lying,Unknown,False,0.393,0.0,72.9343
Backward_fall,79,Lying,Unknown,False,0.394,0.0,68.2635
Backward_fall,80,Lying,Unknown,False,0.399,0.0,77.621
Backward_fall,81,Lying,Unknown,False,0.402,0.0,73.1301
Backward_fall,82,Lying,Unknown,False,0.406,0.0,85.991
Backward_fall,83,Lying,Unknown,False,0.411,0.0,84.9192
Backward_fall,84,Lying,Unknown,False,0.414,0.0,77.3452
Backward_fall,85,Lying,Unknown,False,0.414,0.0,71.9505
Backward_fall,86,Lying,Unknown,False,0.408,0.0,68.9965
Backward_fall,87,Lying,Unknown,False,0.401,0.0,69.5597
Backward_fall,88,Lying,Unknown,False,0.396,0.0,71.1354
Backward_fall,89,Lying,Unknown,False,0.392,0.0,69.9527
Backward_fall,90,Lying,Unknown,False,0.388,0.0,78.0415
Backward_fall,91,Lying,Unknown,False,0.383,0.0,123.5547
Backward_fall,92,Lying,Unknown,False,0.398,0.0,89.3991
Backward_fall,93,Lying,Unknown,False,0.409,0.0,69.9583
Backward_fall,94,Lying,Unknown,False,0.4,0.0,70.9446
Backward_fall,95,Lying,Unknown,False,0.407,0.0,81.2146
Backward_fall,96,Lying,Unknown,False,0.406,0.0,72.4237
Backward_fall,97,Lying,Unknown,False,0.402,0.0,84.2088
Backward_fall,98,Lying,Unknown,False,0.408,0.0,87.1126
Backward_fall,99,Lying,Unknown,False,0.405,0.0,72.8513
Backward_fall,100,Lying,Unknown,False,0.383,1.0,65.6579
Backward_fall,101,Lying,Lying,True,0.365,0.0,67.8022
Backward_fall,102,Lying,Unknown,False,0.337,0.0,76.9551
Backward_fall,103,Lying,Lying,True,0.375,0.0,78.1034
Backward_fall,104,Lying,Lying,True,0.362,0.0,79.0159
Backward_fall,105,Lying,Lying,True,0.344,1.0,71.9455
Backward_fall,106,Lying,Standing,False,0.347,1.0,95.2097
Backward_fall,107,Lying,Standing,False,0.422,0.0,75.7951
Backward_fall,108,Lying,Standing,False,0.54,0.0,70.7209
Backward_fall,109,Lying,Standing,False,0.704,0.0,75.1794
Backward_fall,110,Lying,Standing,False,0.844,0.0,72.7049
Backward_fall,111,Lying,Standing,False,0.918,0.0,70.686
Chair_fall,31,Sitting,Lying,False,0.437,1.0,77.5523
Chair_fall,32,Sitting,Lying,False,0.437,1.0,69.4441
Chair_fall,33,Sitting,Lying,False,0.437,1.0,82.0963
Chair_fall,34,Sitting,Lying,False,0.437,1.0,82.3085
Chair_fall,35,Sitting,Lying,False,0.437,1.0,84.0719
Chair_fall,36,Sitting,Lying,False,0.437,1.0,69.8438
Chair_fall,37,Sitting,Lying,False,0.437,1.0,69.9258
Chair_fall,38,Sitting,Lying,False,0.437,1.0,70.8371
Chair_fall,39,Sitting,Lying,False,0.437,1.0,73.7209
Chair_fall,40,Sitting,Lying,False,0.456,0.0,66.8423
Chair_fall,41,Sitting,Lying,False,0.457,1.0,65.6219
Chair_fall,42,,Lying,,0.46,1.0,75.3502
Chair_fall,43,,Lying,,0.461,1.0,90.2202
Chair_fall,44,,Lying,,0.481,0.0,93.5799
Chair_fall,45,,Lying,,0.501,0.0,153.7413
Chair_fall,46,,Lying,,0.514,0.0,84.0866
Chair_fall,47,,Lying,,0.501,0.0,79.8103
Chair_fall,48,,Lying,,0.468,0.0,82.715
Chair_fall,49,,Lying,,0.42,0.0,88.8177
Chair_fall,50,,Lying,,0.366,0.0,99.9591
Chair_fall,51,,Standing,,0.345,0.0,78.6307
Chair_fall,52,,Standing,,0.397,0.0,80.543
Chair_fall,53,,Standing,,0.47,0.0,84.4307
Chair_fall,54,,Standing,,0.561,0.0,80.0374
Chair_fall,55,,Standing,,0.644,0.0,77.2544
Chair_fall,56,,Standing,,0.727,0.0,86.7924
Chair_fall,57,,Standing,,0.785,0.0,90.574
Chair_fall,58,,Standing,,0.835,0.0,102.9922
Chair_fall,59,,Standing,,0.857,0.0,89.4823
Chair_fall,60,,Standing,,0.889,0.0,96.4875
Chair_fall,61,,Standing,,0.915,0.0,107.8568
Chair_fall,62,,Standing,,0.933,0.0,99.3731
Chair_fall,63,,Standing,,0.946,0.0,88.5113
Chair_fall,64,,Standing,,0.952,0.0,84.5186
Chair_fall,65,,Standing,,0.954,0.0,96.0441
Chair_fall,66,,Standing,,0.956,0.0,82.1501
Chair_fall,67,,Standing,,0.956,0.0,79.2164
Chair_fall,68,,Standing,,0.954,0.0,86.7939
Chair_fall,69,,Standing,,0.95,0.0,94.2713
Chair_fall,70,,Standing,,0.956,0.0,103.8115
Chair_fall,71,,Standing,,0.952,0.0,130.1093
Chair_fall,72,,Standing,,0.948,0.0,125.2062
Chair_fall,73,,Standing,,0.948,0.0,133.6286
Chair_fall,74,,Standing,,0.953,0.0,120.0784
Chair_fall,75,,Standing,,0.956,0.0,107.1886
Chair_fall,76,,Standing,,0.958,0.0,110.2188
Chair_fall,77,,Standing,,0.96,0.0,101.3422
Chair_fall,78,Lying,Standing,False,0.96,0.0,130.2001
Chair_fall,79,Lying,Standing,False,0.958,0.0,139.0568
Chair_fall,80,Lying,Standing,False,0.959,0.0,151.7933
Chair_fall,81,Lying,Standing,False,0.961,0.0,120.8221
Chair_fall,82,Lying,Standing,False,0.961,0.0,95.2906
Chair_fall,83,Lying,Standing,False,0.959,0.0,91.0949
Chair_fall,84,Lying,Standing,False,0.956,0.0,91.4215
Chair_fall,85,Lying,Standing,False,0.957,0.0,111.7033
Chair_fall,86,Lying,Standing,False,0.955,0.0,106.1669
Chair_fall,87,Lying,Standing,False,0.955,0.0,81.5973
Chair_fall,88,Lying,Standing,False,0.952,0.0,94.5147
Chair_fall,89,Lying,Standing,False,0.951,0.0,86.4106
Chair_fall,90,Lying,Standing,False,0.943,0.0,84.3218
Chair_fall,91,Lying,Standing,False,0.934,0.0,87.4639
Chair_fall,92,Lying,Standing,False,0.92,0.0,83.0861
Chair_fall,93,Lying,Standing,False,0.908,0.0,80.7034
Chair_fall,94,Lying,Standing,False,0.887,0.0,87.0539
Chair_fall,95,Lying,Standing,False,0.854,0.0,82.5359
Chair_fall,96,Lying,Standing,False,0.805,0.0,85.1526
Chair_fall,97,Lying,Standing,False,0.732,0.0,74.7139
Chair_fall,98,Lying,Standing,False,0.631,0.0,83.4901
Chair_fall,99,Lying,Standing,False,0.547,0.0,84.7777
Chair_fall,100,Lying,Standing,False,0.523,0.0,72.9522
Chair_fall,101,Lying,Standing,False,0.511,0.0,94.4461
Chair_fall,102,Lying,Standing,False,0.498,0.0,90.856
Chair_fall,103,Lying,Standing,False,0.46,0.0,114.7228
Chair_fall,104,Lying,Standing,False,0.456,0.0,84.1541
Chair_fall,105,Lying,Standing,False,0.469,0.0,78.2249
Chair_fall,106,Lying,Standing,False,0.436,0.0,73.793
Chair_fall,107,Lying,Standing,False,0.434,0.0,74.8561
Chair_fall,108,Lying,Standing,False,0.417,0.0,83.1887
Chair_fall,109,Lying,Standing,False,0.371,0.0,77.713
Chair_fall,110,Lying,Standing,False,0.43,0.0,86.5787
Chair_fall,111,Lying,Standing,False,0.481,0.0,84.7487
Chair_fall,112,Lying,Standing,False,0.498,0.0,81.878
Chair_fall,113,Lying,Standing,False,0.518,0.0,80.107
Chair_fall,114,Lying,Standing,False,0.516,0.0,83.0655
Chair_fall,115,Lying,Standing,False,0.488,0.0,78.3166
Chair_fall,116,Lying,Standing,False,0.459,0.0,77.8828
Chair_fall,117,Lying,Standing,False,0.425,0.0,79.0078
Chair_fall,118,Lying,Standing,False,0.39,0.0,72.2664
Chair_fall,119,Lying,Standing,False,0.347,0.0,81.4699
Chair_fall,120,Lying,Unknown,False,0.31,0.0,83.3011
Chair_fall,121,Lying,Unknown,False,0.33,0.0,80.0153
Chair_fall,122,Lying,Unknown,False,0.347,0.0,76.4891
Chair_fall,123,Lying,Unknown,False,0.359,0.0,84.8047
Chair_fall,124,Lying,Unknown,False,0.368,0.0,103.4291
Chair_fall,125,Lying,Unknown,False,0.371,0.0,104.4266
Chair_fall,126,Lying,Unknown,False,0.37,0.0,94.0361
Chair_fall,127,Lying,Unknown,False,0.365,0.0,111.842
Chair_fall,128,Lying,Unknown,False,0.355,0.0,114.443
Chair_fall,129,Lying,Unknown,False,0.341,0.0,98.082
Chair_fall,130,Lying,Unknown,False,0.326,0.0,108.6914
Chair_fall,131,Lying,Sitting,False,0.361,0.0,102.902
Chair_fall,132,Lying,Sitting,False,0.386,0.0,110.0998
Chair_fall,133,Lying,Sitting,False,0.403,0.0,108.2575
Chair_fall,134,Lying,Sitting,False,0.412,0.0,114.6791
Chair_fall,135,Lying,Sitting,False,0.418,0.0,121.8027
Chair_fall,136,Lying,Sitting,False,0.418,0.0,96.5378
Chair_fall,137,Lying,Sitting,False,0.41,0.0,109.5428
Chair_fall,138,Lying,Sitting,False,0.396,0.0,103.8541
Chair_fall,139,Lying,Sitting,False,0.378,0.0,106.299
Chair_fall,140,Lying,Sitting,False,0.363,0.0,105.909
Chair_fall,141,Lying,Sitting,False,0.346,0.0,96.6448
Chair_fall,142,Lying,Unknown,False,0.343,0.0,104.0108
Chair_fall,143,Lying,Unknown,False,0.356,0.0,101.4834
Chair_fall,144,Lying,Unknown,False,0.367,0.0,90.756
Chair_fall,145,Lying,Unknown,False,0.374,0.0,100.9024
Chair_fall,146,Lying,Unknown,False,0.377,0.0,89.7001
Chair_fall,147,Lying,Unknown,False,0.38,0.0,96.0606
Chair_fall,148,Lying,Unknown,False,0.389,0.0,100.5134
Chair_fall,149,Lying,Unknown,False,0.402,0.0,90.4386
Chair_fall,150,Lying,Unknown,False,0.419,0.0,106.7249
Chair_fall,151,Lying,Unknown,False,0.433,0.0,84.565
Chair_fall,152,Lying,Unknown,False,0.437,0.0,94.5469
Chair_fall,153,Lying,Unknown,False,0.432,0.0,89.0172
Chair_fall,154,Lying,Unknown,False,0.426,0.0,92.8873
Chair_fall,155,Lying,Unknown,False,0.417,0.0,87.1248
Chair_fall,156,Lying,Unknown,False,0.403,0.0,100.4899
Chair_fall,157,Lying,Standing,False,0.41,0.0,87.1189
Chair_fall,158,Lying,Standing,False,0.487,0.0,94.0235
Chair_fall,159,Lying,Standing,False,0.544,0.0,88.4757
Chair_fall,160,Lying,Standing,False,0.529,0.0,93.0335
Chair_fall,161,Lying,Standing,False,0.509,0.0,91.0579
Chair_fall,162,Lying,Standing,False,0.47,0.0,84.4369
Chair_fall,163,Lying,Standing,False,0.422,0.0,95.4421
Chair_fall,164,Lying,Standing,False,0.365,0.0,96.3249
Chair_fall,165,Lying,Standing,False,0.295,0.0,85.1723
Chair_fall,166,Lying,Lying,True,0.36,0.0,94.9884
Chair_fall,167,Lying,Lying,True,0.413,0.0,100.757
Chair_fall,168,Lying,Lying,True,0.465,0.0,111.2379
Chair_fall,169,Lying,Lying,True,0.514,0.0,92.0405
Chair_fall,170,Lying,Lying,True,0.541,0.0,87.6552
Chair_fall,171,Lying,Lying,True,0.56,0.0,85.7511
Chair_fall,172,Lying,Lying,True,0.521,0.0,100.1596
Chair_fall,173,Lying,Lying,True,0.507,0.0,87.8515
Chair_fall,174,Lying,Lying,True,0.486,0.0,85.5833
Chair_fall,175,Lying,Lying,True,0.476,0.0,90.3038
Chair_fall,176,Lying,Lying,True,0.468,0.0,88.1114
Chair_fall,177,Lying,Lying,True,0.487,0.0,96.5411
Chair_fall,178,Lying,Lying,True,0.503,0.0,87.6659
Chair_fall,179,Lying,Lying,True,0.515,0.0,101.5741
Chair_fall,180,Lying,Lying,True,0.531,0.0,91.0451
Chair_fall,181,Lying,Lying,True,0.552,0.0,81.2433
Chair_fall,182,Lying,Lying,True,0.578,0.0,95.6955
Chair_fall,183,Lying,Lying,True,0.608,0.0,86.8242
Chair_fall,184,Lying,Lying,True,0.635,0.0,96.9355
Chair_fall,185,Lying,Lying,True,0.658,0.0,108.5372
Chair_fall,186,Lying,Lying,True,0.662,0.0,121.9722
Chair_fall,187,Lying,Lying,True,0.667,0.0,136.51
Chair_fall,188,Lying,Lying,True,0.659,0.0,91.4057
Chair_fall,189,Lying,Lying,True,0.627,0.0,100.233
Chair_fall,190,Lying,Lying,True,0.574,0.0,94.1745
Chair_fall,191,Lying,Lying,True,0.665,0.0,90.1899
Chair_fall,192,Lying,Lying,True,0.723,0.0,98.2423
Chair_fall,193,Lying,Lying,True,0.758,0.0,83.2936
Chair_fall,194,Lying,Lying,True,0.815,0.0,92.83
Chair_fall,195,Lying,Lying,True,0.858,0.0,106.2052
Chair_fall,196,Lying,Lying,True,0.888,0.0,81.8105
Chair_fall,197,Lying,Lying,True,0.904,0.0,89.4899
Chair_fall,198,Lying,Lying,True,0.913,0.0,99.2648
Chair_fall,199,Lying,Lying,True,0.917,0.0,81.961
Chair_fall,200,Lying,Lying,True,0.915,0.0,95.5257
Chair_fall,201,Lying,Lying,True,0.907,0.0,99.6547
Chair_fall,202,Lying,Lying,True,0.89,0.0,88.3592
Chair_fall,203,Lying,Lying,True,0.853,0.0,88.5878
Chair_fall,204,Lying,Lying,True,0.79,0.0,99.5046
Chair_fall,205,Lying,Lying,True,0.711,0.0,84.5119
Chair_fall,206,Lying,Lying,True,0.591,0.0,86.3226
Chair_fall,207,Lying,Lying,True,0.511,0.0,90.0386
Chair_fall,208,Lying,Lying,True,0.46,0.0,79.1255
Chair_fall,209,Lying,Unknown,False,0.465,0.0,130.1848
Chair_fall,210,Lying,Unknown,False,0.478,0.0,91.3019
Chair_fall,211,Lying,Unknown,False,0.496,0.0,95.0603
Chair_fall,212,Lying,Unknown,False,0.513,0.0,88.7012
Chair_fall,213,Lying,Unknown,False,0.508,0.0,86.703
Chair_fall,214,Lying,Unknown,False,0.492,0.0,93.3461
Chair_fall,215,Lying,Unknown,False,0.467,0.0,85.8789
Chair_fall,216,Lying,Unknown,False,0.446,0.0,87.8186
Chair_fall,217,Lying,Unknown,False,0.419,0.0,90.9011
Chair_fall,218,Lying,Unknown,False,0.389,0.0,89.773
Chair_fall,219,Lying,Unknown,False,0.352,0.0,85.291
Chair_fall,220,Lying,Unknown,False,0.317,0.0,100.3537
Chair_fall,221,Lying,Sitting,False,0.338,0.0,87.6664
Chair_fall,222,Lying,Sitting,False,0.363,0.0,79.6946
Chair_fall,223,Lying,Sitting,False,0.375,0.0,87.874
Chair_fall,224,Lying,Sitting,False,0.387,0.0,82.658
Chair_fall,225,Lying,Sitting,False,0.385,0.0,91.7544
Chair_fall,226,Lying,Sitting,False,0.365,0.0,88.1639
Chair_fall,227,Lying,Sitting,False,0.355,0.0,82.1057
Chair_fall,228,Lying,Sitting,False,0.342,0.0,80.6229
Chair_fall,229,Lying,Sitting,False,0.345,0.0,100.4841
Chair_fall,230,Lying,Sitting,False,0.378,0.0,89.0512
Chair_fall,231,Lying,Sitting,False,0.433,0.0,99.8629
Chair_fall,232,Lying,Sitting,False,0.48,0.0,95.2996
Chair_fall,233,Lying,Sitting,False,0.52,0.0,87.4871
Chair_fall,234,Lying,Sitting,False,0.542,0.0,93.9812
Chair_fall,235,Lying,Sitting,False,0.561,0.0,83.3512
Chair_fall,236,Lying,Sitting,False,0.575,0.0,82.2107
Chair_fall,237,Lying,Sitting,False,0.582,0.0,81.3912
Chair_fall,238,Lying,Sitting,False,0.59,0.0,73.6554
Chair_fall,239,Lying,Sitting,False,0.613,0.0,75.2801
Chair_fall,240,Lying,Sitting,False,0.634,0.0,70.8635
Chair_fall,241,Lying,Sitting,False,0.655,0.0,68.8531
Chair_fall,242,Lying,Sitting,False,0.673,0.0,65.2237
Chair_fall,243,Lying,Sitting,False,0.691,0.0,63.1246
Chair_fall,244,Lying,Sitting,False,0.707,0.0,64.6435
Chair_fall,245,Lying,Sitting,False,0.723,0.0,60.389
Chair_fall,246,Lying,Sitting,False,0.739,0.0,69.8398
Chair_fall,247,Lying,Sitting,False,0.754,0.0,65.1757
Chair_fall,248,Lying,Sitting,False,0.767,0.0,60.1735
Chair_fall,249,Lying,Sitting,False,0.78,0.0,60.2908
Chair_fall,250,Lying,Sitting,False,0.792,0.0,60.9005
Fall_and_lie,31,Standing,Lying,False,0.742,0.0,59.8907
Fall_and_lie,32,Standing,Lying,False,0.735,0.0,60.2611
Fall_and_lie,33,Standing,Lying,False,0.664,0.0,65.7268
Fall_and_lie,34,Standing,Lying,False,0.647,0.0,80.1796
Fall_and_lie,35,Standing,Lying,False,0.596,0.0,92.5773
Fall_and_lie,36,Standing,Unknown,False,0.384,0.0,85.9559
Fall_and_lie,37,Standing,Unknown,False,0.399,0.0,107.4245
Fall_and_lie,38,Standing,Unknown,False,0.395,0.0,93.5371
Fall_and_lie,39,Standing,Unknown,False,0.391,0.0,102.2165
Fall_and_lie,40,Standing,Unknown,False,0.388,0.0,95.3966
Fall_and_lie,41,Standing,Unknown,False,0.384,0.0,111.6513
Fall_and_lie,42,,Unknown,,0.38,0.0,93.0138
Fall_and_lie,43,,Unknown,,0.376,0.0,91.78
Fall_and_lie,44,,Unknown,,0.372,0.0,113.4788
Fall_and_lie,45,,Unknown,,0.368,0.0,100.1687
Fall_and_lie,46,,Unknown,,0.365,0.0,96.5423
Fall_and_lie,47,,Unknown,,0.363,0.0,84.8638
Fall_and_lie,48,,Unknown,,0.361,0.0,93.4633
Fall_and_lie,49,,Unknown,,0.361,0.0,92.4165
Fall_and_lie,50,,Unknown,,0.358,0.0,101.7235
Fall_and_lie,51,,Unknown,,0.347,0.0,94.7463
Fall_and_lie,52,,Unknown,,0.329,0.0,90.3654
Fall_and_lie,53,,Unknown,,0.299,0.0,108.5059
Fall_and_lie,54,,Sitting,,0.315,0.0,97.9836
Fall_and_lie,55,,Unknown,,0.269,0.0,96.8693
Fall_and_lie,56,,Lying,,0.325,0.0,104.3607
Fall_and_lie,57,,Lying,,0.34,0.0,106.2162
Fall_and_lie,58,,Lying,,0.393,0.0,85.5374
Fall_and_lie,59,,Lying,,0.536,0.0,110.3985
Fall_and_lie,60,,Lying,,0.738,1.0,112.0977
Fall_and_lie,61,,Lying,,0.845,0.0,96.786
Fall_and_lie,62,,Lying,,0.898,0.0,85.3477
Fall_and_lie,63,,Lying,,0.928,0.0,79.6679
Fall_and_lie,64,,Lying,,0.944,0.0,82.6853
Fall_and_lie,65,,Lying,,0.954,0.0,85.1228
Fall_and_lie,66,,Lying,,0.957,0.0,87.9398
Fall_and_lie,67,,Lying,,0.957,0.0,73.7663
Fall_and_lie,68,,Lying,,0.952,0.0,72.3317
Fall_and_lie,69,,Lying,,0.944,0.0,76.5404
Fall_and_lie,70,,Lying,,0.932,0.0,71.4394
Fall_and_lie,71,,Lying,,0.923,0.0,72.0863
Fall_and_lie,72,,Lying,,0.915,0.0,72.0233
Fall_and_lie,73,,Lying,,0.907,0.0,76.8979
Fall_and_lie,74,,Lying,,0.9,0.0,92.4954
Fall_and_lie,75,,Lying,,0.891,0.0,94.2615
Fall_and_lie,76,,Lying,,0.882,0.0,89.398
Fall_and_lie,77,,Lying,,0.876,0.0,84.705
Fall_and_lie,78,Lying,Lying,True,0.868,0.0,128.886
Fall_and_lie,79,Lying,Lying,True,0.863,0.0,142.2836
Fall_and_lie,80,Lying,Lying,True,0.856,0.0,115.6734
Fall_and_lie,81,Lying,Lying,True,0.856,0.0,97.2982
Fall_and_lie,82,Lying,Lying,True,0.858,0.0,85.8526
Fall_and_lie,83,Lying,Lying,True,0.857,0.0,89.5497
Fall_and_lie,84,Lying,Lying,True,0.855,0.0,104.9023
Fall_and_lie,85,Lying,Lying,True,0.851,0.0,88.0062
Fall_and_lie,86,Lying,Lying,True,0.846,0.0,78.6161
Fall_and_lie,87,Lying,Lying,True,0.842,0.0,78.5019
Fall_and_lie,88,Lying,Lying,True,0.853,1.0,82.8663
Fall_and_lie,89,Lying,Lying,True,0.857,0.0,78.0853
Fall_and_lie,90,Lying,Lying,True,0.854,0.0,81.6959
Fall_and_lie,91,Lying,Lying,True,0.865,0.0,84.8738
Fall_and_lie,92,Lying,Lying,True,0.867,0.0,80.4978
Fall_and_lie,93,Lying,Lying,True,0.868,0.0,83.568
Fall_and_lie,94,Lying,Lying,True,0.873,0.0,84.5697
Fall_and_lie,95,Lying,Lying,True,0.879,0.0,79.2289
Fall_and_lie,96,Lying,Lying,True,0.889,0.0,75.8381
Fall_and_lie,97,Lying,Lying,True,0.9,0.0,68.6387
Fall_and_lie,98,Lying,Lying,True,0.913,0.0,65.9849
Fall_and_lie,99,Lying,Lying,True,0.939,1.0,71.2952
Fall_and_lie,100,Lying,Lying,True,0.953,1.0,63.8236
Fall_and_lie,101,Lying,Lying,True,0.965,1.0,63.6519
Fall_and_lie,102,Lying,Lying,True,0.971,1.0,71.7623
Fall_and_lie,103,Lying,Lying,True,0.976,1.0,64.7551
Fall_and_lie,104,Lying,Lying,True,0.978,1.0,60.991
Fall_and_lie,105,Lying,Lying,True,0.98,1.0,76.3155
Fall_and_lie,106,Lying,Lying,True,0.982,1.0,65.3296
Fall_and_lie,107,Lying,Lying,True,0.983,1.0,63.6794
Fall_and_lie,108,Lying,Lying,True,0.983,1.0,62.1674
Fall_and_lie,109,Lying,Lying,True,0.983,1.0,58.7031
Fall_and_lie,110,Lying,Lying,True,0.983,1.0,61.5804
Fall_and_lie,111,Lying,Lying,True,0.982,1.0,65.775
Fall_and_lie,112,Lying,Lying,True,0.982,1.0,69.4436
Fall_and_lie,113,Lying,Lying,True,0.981,1.0,64.8701
Fall_and_lie,114,Lying,Lying,True,0.979,1.0,63.5149
Fall_and_lie,115,Lying,Lying,True,0.978,1.0,63.0015
Fall_and_lie,116,Lying,Lying,True,0.976,1.0,60.0495
Fall_and_lie,117,Lying,Lying,True,0.974,1.0,61.9976
Fall_and_lie,118,Lying,Lying,True,0.972,1.0,61.2961
Fall_and_lie,119,Lying,Lying,True,0.969,1.0,62.705
Fall_and_lie,120,Lying,Lying,True,0.967,1.0,59.0799
Fall_and_lie,121,Lying,Lying,True,0.963,1.0,59.6406
Fall_and_lie,122,Lying,Lying,True,0.956,1.0,59.1225
Fall_and_lie,123,Lying,Lying,True,0.947,1.0,58.5538
Fall_and_lie,124,Lying,Lying,True,0.929,1.0,57.3367
Fall_and_lie,125,Lying,Lying,True,0.907,1.0,56.4886
Fall_and_lie,126,Lying,Lying,True,0.888,1.0,57.7748
Fall_and_lie,127,Lying,Lying,True,0.682,1.0,57.8347
Fall_and_lie,128,Lying,Lying,True,0.437,1.0,59.3663
Fall_and_lie,129,Lying,Lying,True,0.437,1.0,65.0909
Fall_and_lie,130,Lying,Lying,True,0.437,1.0,66.225
Fall_and_lie,131,Lying,Lying,True,0.437,1.0,62.0505
Fall_and_lie,132,Lying,Lying,True,0.437,1.0,61.7949
Fall_and_lie,133,Lying,Lying,True,0.437,1.0,59.8795
Fall_and_lie,134,Lying,Lying,True,0.437,1.0,60.283
Fall_and_lie,135,Lying,Lying,True,0.437,1.0,65.6845
Fall_and_lie,136,Lying,Lying,True,0.437,1.0,58.8617
Fall_and_lie,137,Lying,Lying,True,0.437,1.0,56.9105
Fall_and_lie,138,Lying,Lying,True,0.437,1.0,58.5824
Fall_and_lie,139,Lying,Lying,True,0.449,0.0,67.3697
Fall_and_lie,140,Lying,Lying,True,0.465,0.0,61.573
Fall_and_lie,141,Lying,Lying,True,0.456,0.0,59.1991
Fall_and_lie,142,Lying,Lying,True,0.451,0.0,59.2535
Fall_and_lie,143,Lying,Lying,True,0.436,0.0,57.578
Fall_and_lie,144,Lying,Lying,True,0.411,0.0,58.069
Fall_and_lie,145,Lying,Lying,True,0.356,0.0,58.1933
Fall_and_lie,146,Lying,Sitting,False,0.374,0.0,62.2699
Fall_and_lie,147,Lying,Sitting,False,0.483,0.0,63.428
Fall_and_lie,148,Lying,Sitting,False,0.565,0.0,58.042
Fall_and_lie,149,Lying,Sitting,False,0.623,0.0,58.9251
Fall_and_lie,150,Lying,Sitting,False,0.672,0.0,58.6622
Fall_and_lie,151,Lying,Sitting,False,0.693,0.0,58.5225
Fall_and_lie,152,Lying,Sitting,False,0.699,0.0,57.8404
Fall_and_lie,153,Lying,Sitting,False,0.688,0.0,55.8574
Fall_and_lie,154,Lying,Sitting,False,0.683,0.0,55.8802
Fall_and_lie,155,Lying,Sitting,False,0.681,0.0,58.293
Fall_and_lie,156,Lying,Sitting,False,0.666,0.0,58.0033
Fall_and_lie,157,Lying,Sitting,False,0.648,0.0,62.8786
Fall_and_lie,158,Lying,Sitting,False,0.617,0.0,58.7696
Fall_and_lie,159,Lying,Sitting,False,0.584,0.0,59.3197
Fall_and_lie,160,Lying,Sitting,False,0.566,0.0,57.9216
Fall_and_lie,161,Lying,Sitting,False,0.542,0.0,57.373
Fall_and_lie,162,Lying,Lying,True,0.469,0.0,56.6334
Fall_and_lie,163,Lying,Lying,True,0.534,0.0,58.4754
Fall_and_lie,164,Lying,Lying,True,0.599,0.0,58.1412
Fall_and_lie,165,Lying,Lying,True,0.66,0.0,58.8169
Fall_and_lie,166,Lying,Lying,True,0.696,0.0,55.5524
Fall_and_lie,167,Lying,Lying,True,0.733,0.0,56.3482
Fall_and_lie,168,Lying,Lying,True,0.755,0.0,56.5102
Fall_and_lie,169,Lying,Lying,True,0.778,0.0,56.9881
Fall_and_lie,170,Lying,Lying,True,0.799,0.0,54.5432
Fall_and_lie,171,Lying,Lying,True,0.816,0.0,60.9465
Fall_and_lie,172,Lying,Lying,True,0.832,0.0,62.5234
Fall_and_lie,173,Lying,Lying,True,0.843,0.0,67.6733
Fall_and_lie,174,Lying,Lying,True,0.854,0.0,73.1934
Fall_and_lie,175,Lying,Lying,True,0.861,0.0,82.7685
Fall_and_lie,176,Lying,Lying,True,0.869,0.0,66.1737
Fall_and_lie,177,Lying,Lying,True,0.877,0.0,67.0778
Fall_and_lie,178,Lying,Lying,True,0.879,0.0,67.5467
Fall_and_lie,179,Lying,Lying,True,0.882,0.0,71.9167
Fall_and_lie,180,Lying,Lying,True,0.884,0.0,94.3983
Fall_and_lie,181,Lying,Lying,True,0.885,0.0,90.9937
Fall_and_lie,182,Lying,Lying,True,0.881,0.0,90.35
Fall_and_lie,183,Lying,Lying,True,0.88,0.0,93.1399
Fall_and_lie,184,Lying,Lying,True,0.871,0.0,75.9854
Fall_and_lie,185,Lying,Lying,True,0.87,0.0,74.1192
Fall_and_lie,186,Lying,Lying,True,0.864,0.0,110.558
Fall_and_lie,187,Lying,Lying,True,0.849,0.0,77.8439
Fall_and_lie,188,Lying,Lying,True,0.846,0.0,79.0159
Fall_and_lie,189,Lying,Lying,True,0.838,0.0,75.8611
Fall_and_lie,190,Lying,Lying,True,0.826,0.0,72.5114
Fall_and_lie,191,Lying,Lying,True,0.827,0.0,81.227
Fall_and_lie,192,Lying,Lying,True,0.856,0.0,72.4099
Fall_and_lie,193,Lying,Lying,True,0.854,0.0,70.6749
Fall_and_lie,194,Lying,Lying,True,0.865,0.0,80.5687
Fall_and_lie,195,Lying,Lying,True,0.86,0.0,85.9632
Fall_and_lie,196,Lying,Lying,True,0.87,0.0,81.5583
Fall_and_lie,197,Lying,Lying,True,0.864,0.0,89.1339
Fall_and_lie,198,Lying,Lying,True,0.863,0.0,83.4777
Fall_and_lie,199,Lying,Lying,True,0.868,0.0,211.1487
Fall_and_lie,200,Lying,Lying,True,0.873,0.0,93.5243
Fall_and_lie,201,Lying,Lying,True,0.877,0.0,73.7234
Fall_and_lie,202,Lying,Lying,True,0.878,0.0,81.6714
Fall_and_lie,203,Lying,Lying,True,0.889,0.0,73.1468
Fall_and_lie,204,Lying,Lying,True,0.893,0.0,81.8047
Fall_and_lie,205,Lying,Lying,True,0.895,0.0,67.5721
Fall_and_lie,206,Lying,Lying,True,0.898,0.0,76.3588
Fall_and_lie,207,Lying,Lying,True,0.894,0.0,71.8065
Fall_and_lie,208,Lying,Lying,True,0.896,0.0,83.4709
Fall_and_lie,209,Lying,Lying,True,0.898,0.0,115.2246
Fall_and_lie,210,Lying,Lying,True,0.893,0.0,89.019
Fall_and_lie,211,Lying,Lying,True,0.899,0.0,85.6075
Fall_and_lie,212,Lying,Lying,True,0.901,0.0,80.6523
Fall_and_lie,213,Lying,Lying,True,0.901,0.0,80.4213
Fall_and_lie,214,Lying,Lying,True,0.907,0.0,78.7995
Fall_and_lie,215,Lying,Lying,True,0.904,0.0,77.6173
Fall_and_lie,216,Lying,Lying,True,0.905,0.0,90.3029
Fall_and_lie,217,Lying,Lying,True,0.897,0.0,169.5299
Fall_and_lie,218,Lying,Lying,True,0.893,0.0,86.4161
Fall_and_lie,219,Lying,Lying,True,0.883,0.0,77.1069
Fall_and_lie,220,Lying,Lying,True,0.897,0.0,75.7131
Fall_and_lie,221,Lying,Lying,True,0.896,0.0,66.684
Fall_and_lie,222,Lying,Lying,True,0.888,0.0,64.6953
Fall_and_lie,223,Lying,Lying,True,0.891,0.0,69.9315
Fall_and_lie,224,Lying,Lying,True,0.888,0.0,69.0129
Fall_and_lie,225,Lying,Lying,True,0.881,0.0,92.4773
Fall_and_lie,226,Lying,Lying,True,0.879,0.0,84.5076
Fall_and_lie,227,Lying,Lying,True,0.888,0.0,82.2307
Fall_and_lie,228,Lying,Lying,True,0.901,0.0,75.8868
Fall_and_lie,229,Lying,Lying,True,0.903,0.0,69.7183
Fall_and_lie,230,Lying,Lying,True,0.905,0.0,98.1643
Fall_and_lie,231,Lying,Lying,True,0.908,0.0,97.1562
Fall_and_lie,232,Lying,Lying,True,0.911,0.0,102.9998
Fall_and_lie,233,Lying,Lying,True,0.904,0.0,90.7336
Fall_and_lie,234,Lying,Lying,True,0.91,0.0,88.0837
Fall_and_lie,235,Lying,Lying,True,0.9,1.0,76.6462
Fall_and_lie,236,Lying,Lying,True,0.882,1.0,73.6266
Fall_and_lie,237,Lying,Lying,True,0.879,1.0,75.6748
Fall_and_lie,238,Lying,Lying,True,0.873,1.0,77.153
Fall_and_lie,239,Lying,Lying,True,0.869,1.0,79.392
Fall_and_lie,240,Lying,Lying,True,0.881,1.0,91.5843
Fall_and_lie,241,Lying,Lying,True,0.871,1.0,73.824
Fall_and_lie,242,Lying,Lying,True,0.871,1.0,93.1666
Fall_and_lie,243,Lying,Lying,True,0.854,1.0,91.271
Fall_and_lie,244,Lying,Lying,True,0.862,1.0,78.7533
Fall_and_lie,245,Lying,Lying,True,0.839,1.0,74.0351
Fall_and_lie,246,Lying,Lying,True,0.816,1.0,76.1733
Fall_and_lie,247,Lying,Lying,True,0.794,1.0,75.3232
Fall_and_lie,248,Lying,Lying,True,0.73,1.0,72.2963
Fall_and_lie,249,Lying,Lying,True,0.71,1.0,73.7754
Fall_and_lie,250,Lying,Lying,True,0.587,1.0,73.4299
Fall_and_lie,251,Lying,Lying,True,0.551,1.0,74.125
Fall_and_lie,252,Lying,Lying,True,0.435,1.0,74.677
Fall_and_lie,253,Lying,Lying,True,0.469,1.0,73.8678
Fall_and_lie,254,Lying,Lying,True,0.474,1.0,79.1668
Fall_and_lie,255,Lying,Lying,True,0.525,1.0,71.8443
Fall_and_lie,256,Lying,Lying,True,0.491,1.0,73.4951
Fall_and_lie,257,Lying,Lying,True,0.456,1.0,72.5096
Fall_and_lie,258,Lying,Lying,True,0.366,1.0,80.9378
Fall_and_lie,259,Lying,Lying,True,0.364,1.0,70.108
Fall_and_lie,260,Lying,Lying,True,0.395,1.0,73.1915
Fall_and_lie,261,Lying,Lying,True,0.386,1.0,71.3234
Fall_and_lie,262,Lying,Lying,True,0.409,1.0,77.6131
Fall_and_lie,263,Lying,Lying,True,0.428,1.0,78.3652
Fall_and_lie,264,Lying,Lying,True,0.437,1.0,98.0906
Fall_and_lie,265,Lying,Lying,True,0.456,0.0,80.0457
Fall_and_lie,266,Lying,Lying,True,0.445,0.0,76.4791
Fall_and_lie,267,Lying,Lying,True,0.43,0.0,84.7639
Fall_and_lie,268,Lying,Unknown,False,0.408,0.0,82.7218
Fall_and_lie,269,Lying,Lying,True,0.418,0.0,84.7093
Fall_and_lie,270,Lying,Lying,True,0.403,0.0,85.1192
Fall_and_lie,271,Lying,Lying,True,0.411,0.0,78.0971
Fall_and_lie,272,Lying,Lying,True,0.451,0.0,73.7249
Fall_and_lie,273,Lying,Lying,True,0.46,0.0,75.4415
Fall_and_lie,274,Lying,Lying,True,0.447,0.0,71.1021
Fall_and_lie,275,Lying,Lying,True,0.408,0.0,75.258
Fall_and_lie,276,Lying,Lying,True,0.365,0.0,71.5391
Fall_and_lie,277,Lying,Sitting,False,0.351,0.0,67.0393
Fall_and_lie,278,Lying,Sitting,False,0.352,0.0,64.6919
Fall_and_lie,279,Lying,Sitting,False,0.335,0.0,65.2765
Fall_and_lie,280,Lying,Lying,True,0.373,0.0,61.3585
Fall_and_lie,281,Lying,Lying,True,0.441,0.0,62.5883
Fall_and_lie,282,Lying,Lying,True,0.529,0.0,67.2924
Fall_and_lie,283,Lying,Lying,True,0.6,0.0,63.0512
Fall_and_lie,284,Lying,Lying,True,0.654,0.0,63.5231
Fall_and_lie,285,Lying,Lying,True,0.707,0.0,66.7169
Fall_and_lie,286,Lying,Lying,True,0.742,0.0,74.39
Fall_and_lie,287,Lying,Lying,True,0.784,0.0,74.744
Fall_and_lie,288,Lying,Lying,True,0.802,0.0,81.9938
Fall_and_lie,289,Lying,Lying,True,0.828,0.0,89.5464
Fall_and_lie,290,Lying,Lying,True,0.841,0.0,111.5145
Fall_and_lie,291,Lying,Lying,True,0.865,0.0,92.4648
Fall_and_lie,292,Lying,Lying,True,0.871,0.0,98.0251
Fall_and_lie,293,Lying,Lying,True,0.881,0.0,103.6053
Fall_and_lie,294,Lying,Lying,True,0.886,0.0,118.8036
Fall_and_lie,295,Lying,Lying,True,0.886,0.0,103.0577
Fall_and_lie,296,Lying,Lying,True,0.886,0.0,116.701
Fall_and_lie,297,Lying,Lying,True,0.882,0.0,93.1549
Fall_and_lie,298,Lying,Lying,True,0.889,0.0,87.269
Fall_and_lie,299,Lying,Lying,True,0.89,0.0,106.0313
Fall_and_lie,300,Lying,Lying,True,0.896,0.0,98.4255
Fall_and_lie,301,Lying,Lying,True,0.896,0.0,92.4482
Fall_and_lie,302,Lying,Lying,True,0.891,0.0,109.7175
Fall_and_lie,303,Lying,Lying,True,0.881,0.0,122.171
Fall_and_lie,304,Lying,Lying,True,0.873,0.0,106.1076
Fall_and_lie,305,Lying,Lying,True,0.878,0.0,132.8969
Fall_and_lie,306,Lying,Lying,True,0.867,0.0,103.9502
Fall_and_lie,307,Lying,Lying,True,0.873,0.0,107.5096
Fall_and_lie,308,Lying,Lying,True,0.852,0.0,118.3501
Fall_and_lie,309,Lying,Lying,True,0.876,0.0,136.8672
Fall_and_lie,310,Lying,Lying,True,0.863,0.0,114.4322
Fall_and_lie,311,Lying,Lying,True,0.859,0.0,118.9606
Fall_and_lie,312,Lying,Lying,True,0.866,0.0,103.3514
Fall_and_lie,313,Lying,Lying,True,0.867,0.0,118.4454
Fall_and_lie,314,Lying,Lying,True,0.859,0.0,116.5121
Fall_and_lie,315,Lying,Lying,True,0.844,0.0,109.4409
Fall_and_lie,316,Lying,Lying,True,0.844,0.0,115.1115
Fall_and_lie,317,Lying,Lying,True,0.828,0.0,110.0234
Fall_and_lie,318,Lying,Lying,True,0.849,0.0,111.4433
Fall_and_lie,319,Lying,Lying,True,0.853,0.0,105.713
Fall_and_lie,320,Lying,Lying,True,0.854,0.0,107.2086
Fall_and_lie,321,Lying,Lying,True,0.829,0.0,98.3552
Fall_and_lie,322,Lying,Lying,True,0.838,0.0,113.821
Fall_and_lie,323,Lying,Lying,True,0.826,0.0,118.6598
Fall_and_lie,324,Lying,Lying,True,0.821,0.0,109.4244
Fall_and_lie,325,Lying,Lying,True,0.827,0.0,97.8062
Fall_and_lie,326,Lying,Lying,True,0.838,0.0,108.5412
Fall_and_lie,327,Lying,Lying,True,0.863,0.0,112.9535
Fall_and_lie,328,Lying,Lying,True,0.851,0.0,127.4831
Fall_and_lie,329,Lying,Lying,True,0.843,0.0,157.376
Fall_and_lie,330,Lying,Lying,True,0.84,0.0,164.4235
Fall_and_lie,331,Lying,Lying,True,0.858,0.0,116.3867
Fall_and_lie,332,Lying,Lying,True,0.847,0.0,119.2495
Fall_and_lie,333,Lying,Lying,True,0.873,0.0,119.0645
Fall_and_lie,334,Lying,Lying,True,0.877,0.0,141.4583
Fall_and_lie,335,Lying,Lying,True,0.867,0.0,184.0234
Fall_and_lie,336,Lying,Lying,True,0.889,0.0,202.9679
Fall_and_lie,337,Lying,Lying,True,0.868,0.0,141.8211
Fall_and_lie,338,Lying,Lying,True,0.888,0.0,128.518
Fall_and_lie,339,Lying,Lying,True,0.871,0.0,125.8614
Fall_and_lie,340,Lying,Lying,True,0.886,0.0,125.8312
Fall_and_lie,341,Lying,Lying,True,0.888,0.0,88.9418
Fall_and_lie,342,Lying,Lying,True,0.868,0.0,97.4366
Fall_and_lie,343,Lying,Lying,True,0.877,0.0,122.1298
Fall_and_lie,344,Lying,Lying,True,0.888,0.0,112.4326
Fall_and_lie,345,Lying,Lying,True,0.87,0.0,98.9526
Fall_and_lie,346,Lying,Lying,True,0.894,0.0,126.6051
Fall_and_lie,347,Lying,Lying,True,0.875,0.0,136.4142
Fall_and_lie,348,Lying,Lying,True,0.874,0.0,106.4612
Fall_and_lie,349,Lying,Lying,True,0.848,0.0,101.5324
Fall_and_lie,350,Lying,Lying,True,0.832,0.0,108.981
Fall_and_lie,351,Lying,Lying,True,0.835,0.0,108.6439
Fall_and_lie,352,Lying,Lying,True,0.822,0.0,103.3672
Fall_and_lie,353,Lying,Lying,True,0.816,0.0,129.8115
Fall_and_lie,354,Lying,Lying,True,0.841,0.0,105.2077
Far_fall,31,Standing,Standing,True,0.843,0.0,124.6063
Far_fall,32,Standing,Standing,True,0.851,0.0,100.0453
Far_fall,33,Standing,Standing,True,0.855,0.0,93.5629
Far_fall,34,Standing,Standing,True,0.854,0.0,122.4234
Far_fall,35,Standing,Standing,True,0.858,0.0,106.755
Far_fall,36,Standing,Standing,True,0.86,0.0,110.5409
Far_fall,37,Standing,Standing,True,0.866,0.0,94.4973
Far_fall,38,Standing,Standing,True,0.876,0.0,97.4977
Far_fall,39,Standing,Standing,True,0.883,0.0,98.5152
Far_fall,40,Standing,Standing,True,0.89,0.0,100.6978
Far_fall,41,Standing,Standing,True,0.893,0.0,89.825
Far_fall,42,Standing,Standing,True,0.897,0.0,89.8986
Far_fall,43,Standing,Standing,True,0.898,0.0,104.808
Far_fall,44,Standing,Standing,True,0.895,0.0,96.2137
Far_fall,45,Standing,Standing,True,0.893,0.0,89.2763
Far_fall,46,Standing,Standing,True,0.891,0.0,88.0241
Far_fall,47,Standing,Standing,True,0.886,0.0,85.853
Far_fall,48,,Standing,,0.882,0.0,100.2377
Far_fall,49,,Standing,,0.875,0.0,83.0274
Far_fall,50,,Standing,,0.868,0.0,92.7442
Far_fall,51,,Standing,,0.862,0.0,99.647
Far_fall,52,,Standing,,0.856,0.0,100.6046
Far_fall,53,,Standing,,0.849,0.0,90.163
Far_fall,54,,Standing,,0.841,0.0,101.3643
Far_fall,55,,Standing,,0.832,0.0,100.8339
Far_fall,56,,Standing,,0.82,0.0,87.9031
Far_fall,57,,Standing,,0.799,0.0,99.9716
Far_fall,58,,Standing,,0.781,0.0,91.4958
Far_fall,59,,Standing,,0.755,0.0,90.5441
Far_fall,60,,Standing,,0.721,0.0,108.9414
Far_fall,61,,Standing,,0.664,0.0,110.715
Far_fall,62,,Standing,,0.551,0.0,110.9397
Far_fall,63,,Standing,,0.448,1.0,115.398
Far_fall,64,,Lying,,0.389,1.0,101.0397
Far_fall,65,,Lying,,0.487,1.0,124.3486
Far_fall,66,,Lying,,0.55,1.0,117.3117
Far_fall,67,,Lying,,0.587,1.0,119.0049
Far_fall,68,,Lying,,0.669,0.0,130.9353
Far_fall,69,,Lying,,0.742,0.0,130.5011
Far_fall,70,,Lying,,0.806,0.0,180.0909
Far_fall,71,,Lying,,0.836,1.0,140.7272
Far_fall,72,,Lying,,0.863,0.0,151.9559
Far_fall,73,,Lying,,0.883,0.0,115.2909
Far_fall,74,,Lying,,0.899,0.0,127.8871
Far_fall,75,,Lying,,0.914,0.0,129.7811
Far_fall,76,,Lying,,0.927,0.0,117.3887
Far_fall,77,,Lying,,0.937,0.0,119.9868
Far_fall,78,,Lying,,0.945,0.0,127.869
Far_fall,79,,Lying,,0.95,0.0,112.8888
Far_fall,80,,Lying,,0.951,0.0,165.8122
Far_fall,81,Lying,Lying,True,0.946,0.0,129.674
Far_fall,82,Lying,Lying,True,0.942,0.0,121.4296
Far_fall,83,Lying,Lying,True,0.931,0.0,141.3072
Far_fall,84,Lying,Lying,True,0.922,0.0,102.1974
Far_fall,85,Lying,Lying,True,0.908,0.0,108.1679
Far_fall,86,Lying,Lying,True,0.892,0.0,101.7106
Far_fall,87,Lying,Lying,True,0.87,0.0,112.8513
Far_fall,88,Lying,Lying,True,0.847,0.0,121.987
Far_fall,89,Lying,Lying,True,0.824,0.0,139.5044
Far_fall,90,Lying,Lying,True,0.799,0.0,150.9848
Far_fall,91,Lying,Lying,True,0.774,0.0,168.7529
Far_fall,92,Lying,Lying,True,0.746,0.0,137.5783
Far_fall,93,Lying,Lying,True,0.729,0.0,118.0758
Far_fall,94,Lying,Lying,True,0.709,0.0,111.161
Far_fall,95,Lying,Lying,True,0.69,0.0,121.057
Far_fall,96,Lying,Lying,True,0.674,0.0,103.6009
Far_fall,97,Lying,Lying,True,0.656,0.0,94.1374
Far_fall,98,Lying,Lying,True,0.647,0.0,107.4975
Far_fall,99,Lying,Lying,True,0.643,0.0,113.9749
Far_fall,100,Lying,Lying,True,0.638,0.0,94.6923
Far_fall,101,Lying,Lying,True,0.632,0.0,132.4603
Far_fall,102,Lying,Lying,True,0.627,0.0,116.1867
Far_fall,103,Lying,Lying,True,0.624,0.0,120.3777
Far_fall,104,Lying,Lying,True,0.622,0.0,123.2777
Far_fall,105,Lying,Lying,True,0.623,0.0,130.5877
Far_fall,106,Lying,Lying,True,0.627,0.0,107.9155
Far_fall,107,Lying,Lying,True,0.631,0.0,109.5629
Far_fall,108,Lying,Lying,True,0.637,0.0,101.1862
Far_fall,109,Lying,Lying,True,0.643,0.0,115.5519
Far_fall,110,Lying,Lying,True,0.649,0.0,113.5136
Far_fall,111,Lying,Lying,True,0.65,0.0,113.8203
Far_fall,112,Lying,Lying,True,0.655,0.0,95.1855
Far_fall,113,Lying,Lying,True,0.658,0.0,94.2302
Far_fall,114,Lying,Lying,True,0.662,0.0,115.9829
Far_fall,115,Lying,Lying,True,0.665,0.0,109.5601
Far_fall,116,Lying,Lying,True,0.668,0.0,146.5891
Far_fall,117,Lying,Lying,True,0.671,0.0,138.2228
Far_fall,118,Lying,Lying,True,0.672,0.0,120.8634
Far_fall,119,Lying,Lying,True,0.674,0.0,90.5313
Far_fall,120,Lying,Lying,True,0.677,0.0,86.7739
Far_fall,121,Lying,Lying,True,0.678,0.0,104.2781
Far_fall,122,Lying,Lying,True,0.679,0.0,83.3412
Far_fall,123,Lying,Lying,True,0.68,0.0,91.4846
Far_fall,124,Lying,Lying,True,0.681,0.0,84.8245
Far_fall,125,Lying,Lying,True,0.682,0.0,86.7314
Far_fall,126,Lying,Lying,True,0.684,0.0,81.5815
Far_fall,127,Lying,Lying,True,0.685,0.0,90.2255
Far_fall,128,Lying,Lying,True,0.687,0.0,80.3003
Far_fall,129,Lying,Lying,True,0.689,0.0,99.8836
Occluded_fall,31,Standing,Standing,True,0.936,0.0,86.1257
Occluded_fall,32,Standing,Standing,True,0.936,0.0,81.7999
Occluded_fall,33,Standing,Standing,True,0.937,0.0,80.9022
Occluded_fall,34,Standing,Standing,True,0.936,0.0,91.8837
Occluded_fall,35,Standing,Standing,True,0.937,0.0,85.8908
Occluded_fall,36,Standing,Standing,True,0.937,0.0,82.6192
Occluded_fall,37,Standing,Standing,True,0.935,0.0,80.7874
Occluded_fall,38,Standing,Standing,True,0.935,0.0,84.6279
Occluded_fall,39,Standing,Standing,True,0.932,0.0,87.6967
Occluded_fall,40,Standing,Standing,True,0.929,0.0,86.9007
Occluded_fall,41,Standing,Standing,True,0.926,0.0,80.5584
Occluded_fall,42,Standing,Standing,True,0.922,0.0,76.1161
Occluded_fall,43,Standing,Standing,True,0.918,0.0,75.4908
Occluded_fall,44,Standing,Standing,True,0.912,0.0,72.4772
Occluded_fall,45,Standing,Standing,True,0.905,0.0,69.0209
Occluded_fall,46,Standing,Standing,True,0.897,0.0,68.5918
Occluded_fall,47,Standing,Standing,True,0.891,0.0,67.3543
Occluded_fall,48,Standing,Standing,True,0.884,0.0,65.6666
Occluded_fall,49,Standing,Standing,True,0.879,0.0,62.1572
Occluded_fall,50,Standing,Standing,True,0.873,0.0,71.7845
Occluded_fall,51,,Standing,,0.868,0.0,68.534
Occluded_fall,52,,Standing,,0.865,0.0,68.2694
Occluded_fall,53,,Standing,,0.862,0.0,65.4358
Occluded_fall,54,,Standing,,0.859,0.0,63.8362
Occluded_fall,55,,Standing,,0.856,0.0,62.3159
Occluded_fall,56,,Standing,,0.856,0.0,62.0985
Occluded_fall,57,,Standing,,0.854,0.0,60.4381
Occluded_fall,58,,Standing,,0.853,0.0,62.7674
Occluded_fall,59,,Standing,,0.853,0.0,60.2612
Occluded_fall,60,,Standing,,0.851,0.0,61.4108
Occluded_fall,61,,Standing,,0.852,0.0,58.155
Occluded_fall,62,,Standing,,0.851,0.0,115.3062
Occluded_fall,63,,Standing,,0.85,0.0,71.6538
Occluded_fall,64,,Standing,,0.851,0.0,65.0972
Occluded_fall,65,,Standing,,0.844,0.0,63.2772
Occluded_fall,66,,Standing,,0.834,0.0,74.0052
Occluded_fall,67,,Standing,,0.823,0.0,89.0124
Occluded_fall,68,,Standing,,0.788,0.0,81.813
Occluded_fall,69,,Standing,,0.697,0.0,76.029
Occluded_fall,70,,Standing,,0.577,1.0,77.6458
Occluded_fall,71,,Lying,,0.4,0.0,83.8223
Occluded_fall,72,,Lying,,0.621,0.0,103.7321
Occluded_fall,73,,Lying,,0.689,0.0,97.9506
Occluded_fall,74,,Lying,,0.677,0.0,119.5191
Occluded_fall,75,,Lying,,0.666,0.0,105.5987
Occluded_fall,76,,Lying,,0.683,0.0,100.8682
Occluded_fall,77,,Lying,,0.72,0.0,90.013
Occluded_fall,78,,Lying,,0.753,0.0,79.0642
Occluded_fall,79,,Lying,,0.778,0.0,87.5167
Occluded_fall,80,,Lying,,0.798,0.0,75.5006
Occluded_fall,81,,Lying,,0.808,0.0,72.11
Occluded_fall,82,,Lying,,0.815,0.0,71.8058
Occluded_fall,83,,Lying,,0.819,0.0,68.1375
Occluded_fall,84,Lying,Lying,True,0.818,0.0,67.6132
Occluded_fall,85,Lying,Lying,True,0.819,0.0,64.9941
Occluded_fall,86,Lying,Lying,True,0.817,0.0,64.4705
Occluded_fall,87,Lying,Lying,True,0.816,0.0,62.3832
Occluded_fall,88,Lying,Lying,True,0.811,0.0,65.8106
Occluded_fall,89,Lying,Lying,True,0.807,0.0,88.0926
Occluded_fall,90,Lying,Lying,True,0.793,0.0,85.317
Occluded_fall,91,Lying,Lying,True,0.781,0.0,69.4866
Occluded_fall,92,Lying,Lying,True,0.769,0.0,68.8321
Occluded_fall,93,Lying,Lying,True,0.762,0.0,70.2712
Occluded_fall,94,Lying,Lying,True,0.749,0.0,78.6343
Occluded_fall,95,Lying,Lying,True,0.73,0.0,66.4932
Occluded_fall,96,Lying,Lying,True,0.699,0.0,65.3499
Occluded_fall,97,Lying,Lying,True,0.654,0.0,64.5434
Occluded_fall,98,Lying,Lying,True,0.565,0.0,62.1644
Occluded_fall,99,Lying,Lying,True,0.752,0.0,61.8254
Occluded_fall,100,Lying,Lying,True,0.915,0.0,61.512
Occluded_fall,101,Lying,Lying,True,0.903,0.0,59.4349
Occluded_fall,102,Lying,Lying,True,0.937,0.0,58.7385
Occluded_fall,103,Lying,Lying,True,0.941,0.0,60.0869
Occluded_fall,104,Lying,Lying,True,0.935,0.0,58.2546
Occluded_fall,105,Lying,Lying,True,0.928,0.0,79.327
Occluded_fall,106,Lying,Lying,True,0.917,0.0,113.1983
Occluded_fall,107,Lying,Lying,True,0.92,1.0,124.772
Occluded_fall,108,Lying,Lying,True,0.921,0.0,92.5744
Occluded_fall,109,Lying,Lying,True,0.92,0.0,93.8773
Occluded_fall,110,Lying,Lying,True,0.894,0.0,80.9863
Occluded_fall,111,Lying,Lying,True,0.874,0.0,76.0379
Occluded_fall,112,Lying,Lying,True,0.889,0.0,77.2598
Occluded_fall,113,Lying,Lying,True,0.821,0.0,74.9229
Occluded_fall,114,Lying,Lying,True,0.819,0.0,77.7215
Occluded_fall,115,Lying,Lying,True,0.866,0.0,84.2562
Occluded_fall,116,Lying,Lying,True,0.867,0.0,90.3805
Occluded_fall,117,Lying,Lying,True,0.901,0.0,75.1125
Occluded_fall,118,Lying,Lying,True,0.9,0.0,73.1347
Occluded_fall,119,Lying,Lying,True,0.895,0.0,76.6049
Occluded_fall,120,Lying,Lying,True,0.835,0.0,77.9233
Occluded_fall,121,Lying,Lying,True,0.737,0.0,75.9057
Occluded_fall,122,Lying,Lying,True,0.757,0.0,79.8175
Occluded_fall,123,Lying,Lying,True,0.698,0.0,78.897
Occluded_fall,124,Lying,Lying,True,0.715,0.0,79.0599
Occluded_fall,125,Lying,Lying,True,0.707,0.0,73.5683
Occluded_fall,126,Lying,Lying,True,0.724,0.0,72.3234
Occluded_fall,127,Lying,Lying,True,0.703,0.0,74.0458
Occluded_fall,128,Lying,Lying,True,0.81,1.0,79.0263
Occluded_fall,129,Lying,Lying,True,0.795,0.0,82.214
Occluded_fall,130,Lying,Lying,True,0.793,0.0,71.7422
Occluded_fall,131,Lying,Lying,True,0.794,0.0,86.6144
Occluded_fall,132,Lying,Lying,True,0.83,0.0,93.1156
Occluded_fall,133,Lying,Lying,True,0.725,0.0,93.8075
Occluded_fall,134,Lying,Lying,True,0.743,0.0,83.6496
Occluded_fall,135,Lying,Lying,True,0.546,0.0,87.984
Occluded_fall,136,Lying,Lying,True,0.601,0.0,84.9312
Occluded_fall,137,Lying,Lying,True,0.634,0.0,79.143
Occluded_fall,138,Lying,Lying,True,0.713,0.0,105.3761
Occluded_fall,139,Lying,Lying,True,0.806,0.0,81.8523
Occluded_fall,140,Lying,Lying,True,0.845,0.0,92.32
Occluded_fall,141,Lying,Lying,True,0.859,0.0,94.5129
Occluded_fall,142,Lying,Lying,True,0.857,0.0,92.9679
Occluded_fall,143,Lying,Lying,True,0.842,0.0,82.9812
Occluded_fall,144,Lying,Lying,True,0.846,0.0,86.1329
Occluded_fall,145,Lying,Lying,True,0.835,0.0,79.5538
Occluded_fall,146,Lying,Lying,True,0.829,0.0,80.8659
Occluded_fall,147,Lying,Lying,True,0.827,0.0,78.6525
Occluded_fall,148,Lying,Lying,True,0.82,0.0,84.0893
Occluded_fall,149,Lying,Lying,True,0.813,0.0,79.5428
Occluded_fall,150,Lying,Lying,True,0.807,0.0,78.9667
Occluded_fall,151,Lying,Lying,True,0.797,0.0,75.4609
Occluded_fall,152,Lying,Lying,True,0.791,0.0,91.5544
Occluded_fall,153,Lying,Lying,True,0.784,0.0,92.7818
Occluded_fall,154,Lying,Lying,True,0.778,0.0,77.308
Occluded_fall,155,Lying,Lying,True,0.77,0.0,82.0421
Occluded_fall,156,Lying,Lying,True,0.764,0.0,70.9415
Occluded_fall,157,Lying,Lying,True,0.761,0.0,67.3265
Occluded_fall,158,Lying,Lying,True,0.759,0.0,67.0205
Occluded_fall,159,Lying,Lying,True,0.758,0.0,66.4529
Occluded_fall,160,Lying,Lying,True,0.756,0.0,65.7006
Occluded_fall,161,Lying,Lying,True,0.753,0.0,62.2532
Occluded_fall,162,Lying,Lying,True,0.754,0.0,59.1634
Occluded_fall,163,Lying,Lying,True,0.755,0.0,60.4884
Occluded_fall,164,Lying,Lying,True,0.754,0.0,61.0587
Occluded_fall,165,Lying,Lying,True,0.76,0.0,67.5562
Occluded_fall,166,Lying,Lying,True,0.76,0.0,66.5093
Occluded_fall,167,Lying,Lying,True,0.762,0.0,85.5493
Occluded_fall,168,Lying,Lying,True,0.766,0.0,66.5553
Occluded_fall,169,Lying,Lying,True,0.763,0.0,71.3722
Occluded_fall,170,Lying,Lying,True,0.764,0.0,70.0311
Occluded_fall,171,Lying,Lying,True,0.768,0.0,69.5268
Off_axis_fall,31,Standing,Unknown,False,0.414,0.0,76.7758
Off_axis_fall,32,,Unknown,,0.413,0.0,72.8243
Off_axis_fall,33,,Unknown,,0.411,0.0,75.8483
Off_axis_fall,34,,Unknown,,0.409,0.0,71.9712
Off_axis_fall,35,,Unknown,,0.409,0.0,73.9894
Off_axis_fall,36,,Unknown,,0.407,0.0,81.71
Off_axis_fall,37,,Unknown,,0.406,0.0,80.1942
Off_axis_fall,38,,Unknown,,0.408,0.0,71.3915
Off_axis_fall,39,,Unknown,,0.413,0.0,73.2603
Off_axis_fall,40,,Unknown,,0.419,0.0,70.2234
Off_axis_fall,41,,Unknown,,0.423,0.0,79.9331
Off_axis_fall,42,,Unknown,,0.421,0.0,81.3761
Off_axis_fall,43,,Unknown,,0.401,0.0,72.3684
Off_axis_fall,44,,Unknown,,0.363,0.0,74.7282
Off_axis_fall,45,,Lying,,0.323,0.0,72.32
Off_axis_fall,46,,Lying,,0.514,0.0,71.7346
Off_axis_fall,47,,Lying,,0.626,0.0,76.7508
Off_axis_fall,48,,Lying,,0.695,0.0,71.3099
Off_axis_fall,49,,Lying,,0.763,0.0,69.1941
Off_axis_fall,50,,Lying,,0.77,0.0,73.9545
Off_axis_fall,51,,Lying,,0.808,0.0,72.0616
Off_axis_fall,52,,Lying,,0.854,0.0,68.7265
Off_axis_fall,53,,Lying,,0.85,0.0,76.0422
Off_axis_fall,54,,Lying,,0.824,0.0,99.8545
Off_axis_fall,55,,Lying,,0.808,0.0,99.7779
Off_axis_fall,56,,Lying,,0.734,0.0,92.3242
Off_axis_fall,57,,Lying,,0.672,1.0,109.0335
Off_axis_fall,58,,Lying,,0.566,0.0,111.9401
Off_axis_fall,59,,Lying,,0.538,1.0,114.55
Off_axis_fall,60,,Lying,,0.677,1.0,107.0126
Off_axis_fall,61,,Lying,,0.797,0.0,93.0438
Off_axis_fall,62,,Lying,,0.876,1.0,104.9137
Off_axis_fall,63,,Lying,,0.926,1.0,100.2591
Off_axis_fall,64,,Lying,,0.955,0.0,110.7406
Off_axis_fall,65,Lying,Lying,True,0.968,1.0,97.0215
Off_axis_fall,66,Lying,Lying,True,0.977,0.0,102.719
Off_axis_fall,67,Lying,Lying,True,0.982,0.0,123.2285
Off_axis_fall,68,Lying,Lying,True,0.984,0.0,106.0255
Off_axis_fall,69,Lying,Lying,True,0.984,0.0,110.3058
Off_axis_fall,70,Lying,Lying,True,0.984,0.0,106.3653
Off_axis_fall,71,Lying,Lying,True,0.983,0.0,98.4634
Off_axis_fall,72,Lying,Lying,True,0.983,0.0,101.5421
Off_axis_fall,73,Lying,Lying,True,0.982,0.0,117.3758
Off_axis_fall,74,Lying,Lying,True,0.978,0.0,106.3278
Off_axis_fall,75,Lying,Lying,True,0.973,0.0,96.1858
Off_axis_fall,76,Lying,Lying,True,0.965,0.0,87.6102
Off_axis_fall,77,Lying,Lying,True,0.952,0.0,102.1126
Off_axis_fall,78,Lying,Lying,True,0.942,0.0,86.5717
Off_axis_fall,79,Lying,Lying,True,0.936,0.0,92.4243
Off_axis_fall,80,Lying,Lying,True,0.942,0.0,86.8981
Off_axis_fall,81,Lying,Lying,True,0.933,0.0,89.3584
Off_axis_fall,82,Lying,Lying,True,0.935,0.0,128.8769
Off_axis_fall,83,Lying,Lying,True,0.903,1.0,128.3491
Off_axis_fall,84,Lying,Lying,True,0.861,1.0,123.068
Off_axis_fall,85,Lying,Lying,True,0.816,1.0,109.1295
Off_axis_fall,86,Lying,Lying,True,0.869,1.0,97.2475
Off_axis_fall,87,Lying,Lying,True,0.846,1.0,100.6881
Off_axis_fall,88,Lying,Lying,True,0.838,1.0,83.9611
Off_axis_fall,89,Lying,Lying,True,0.792,1.0,88.2353
Off_axis_fall,90,Lying,Lying,True,0.727,1.0,114.6489
Off_axis_fall,91,Lying,Lying,True,0.673,1.0,98.0939
Off_axis_fall,92,Lying,Lying,True,0.579,1.0,86.015
Off_axis_fall,93,Lying,Lying,True,0.526,1.0,95.7397
Off_axis_fall,94,Lying,Lying,True,0.655,1.0,113.3028
Off_axis_fall,95,Lying,Lying,True,0.783,1.0,93.4231
Off_axis_fall,96,Lying,Lying,True,0.866,1.0,98.8747
Off_axis_fall,97,Lying,Lying,True,0.925,1.0,87.1183
Off_axis_fall,98,Lying,Lying,True,0.949,1.0,97.4852
Off_axis_fall,99,Lying,Lying,True,0.955,1.0,104.5601
Off_axis_fall,100,Lying,Lying,True,0.956,1.0,149.5082
Off_axis_fall,101,Lying,Lying,True,0.947,1.0,124.7287
Off_axis_fall,102,Lying,Lying,True,0.922,1.0,119.8219
Off_axis_fall,103,Lying,Lying,True,0.881,1.0,165.457
Off_axis_fall,104,Lying,Lying,True,0.807,1.0,128.0247
Off_axis_fall,105,Lying,Lying,True,0.698,1.0,116.4649
Off_axis_fall,106,Lying,Lying,True,0.609,1.0,116.833
Off_axis_fall,107,Lying,Lying,True,0.539,1.0,123.3424
Off_axis_fall,108,Lying,Lying,True,0.477,1.0,143.4435
Off_axis_fall,109,Lying,Lying,True,0.448,1.0,123.5766
Off_axis_fall,110,Lying,Lying,True,0.446,1.0,131.9411
Off_axis_fall,111,Lying,Lying,True,0.431,1.0,136.3699
Off_axis_fall,112,Lying,Lying,True,0.437,1.0,111.3393
Off_axis_fall,113,Lying,Lying,True,0.437,1.0,144.8724
Off_axis_fall,114,Lying,Lying,True,0.437,1.0,136.6462
Off_axis_fall,115,Lying,Lying,True,0.437,1.0,136.3331
Off_axis_fall,116,Lying,Lying,True,0.437,1.0,130.6989
Off_axis_fall,117,Lying,Lying,True,0.437,1.0,118.3942
Off_axis_fall,118,Lying,Lying,True,0.437,1.0,125.8716
Off_axis_fall,119,Lying,Lying,True,0.437,1.0,123.5462
Off_axis_fall,120,Lying,Lying,True,0.437,1.0,146.2436
Off_axis_fall,121,Lying,Lying,True,0.437,1.0,117.9463
Off_axis_fall,122,Lying,Lying,True,0.437,1.0,96.9286
Off_axis_fall,123,Lying,Lying,True,0.437,1.0,109.0257
Off_axis_fall,124,Lying,Lying,True,0.437,1.0,118.9721
Side_fall,31,Standing,Unknown,False,0.419,0.0,102.9757
Side_fall,32,Standing,Unknown,False,0.418,0.0,112.6649
Side_fall,33,,Unknown,,0.416,0.0,103.0726
Side_fall,34,,Unknown,,0.415,0.0,113.2225
Side_fall,35,,Unknown,,0.413,0.0,127.3766
Side_fall,36,,Unknown,,0.41,0.0,119.4152
Side_fall,37,,Unknown,,0.407,0.0,105.9356
Side_fall,38,,Unknown,,0.403,0.0,100.1158
Side_fall,39,,Unknown,,0.398,0.0,102.3103
Side_fall,40,,Unknown,,0.392,0.0,101.6937
Side_fall,41,,Unknown,,0.384,0.0,106.4384
Side_fall,42,,Unknown,,0.374,0.0,122.3818
Side_fall,43,,Unknown,,0.361,0.0,112.4703
Side_fall,44,,Unknown,,0.348,0.0,108.1946
Side_fall,45,,Unknown,,0.332,0.0,100.107
Side_fall,46,,Unknown,,0.314,0.0,95.8601
Side_fall,47,,Unknown,,0.293,0.0,107.0183
Side_fall,48,,Sitting,,0.305,0.0,107.7694
Side_fall,49,,Sitting,,0.352,0.0,87.1778
Side_fall,50,,Sitting,,0.394,0.0,105.3288
Side_fall,51,,Sitting,,0.424,0.0,106.0255
Side_fall,52,,Sitting,,0.437,0.0,112.0557
Side_fall,53,,Sitting,,0.428,0.0,98.406
Side_fall,54,,Sitting,,0.394,0.0,104.6835
Side_fall,55,,Sitting,,0.334,0.0,100.9945
Side_fall,56,,Lying,,0.311,0.0,114.9914
Side_fall,57,,Lying,,0.383,0.0,114.2297
Side_fall,58,,Lying,,0.466,0.0,94.9233
Side_fall,59,,Lying,,0.524,0.0,90.2617
Side_fall,60,,Lying,,0.565,0.0,104.932
Side_fall,61,,Lying,,0.577,0.0,88.42
Side_fall,62,,Lying,,0.603,0.0,88.5647
Side_fall,63,,Lying,,0.666,0.0,84.6533
Side_fall,64,,Lying,,0.745,0.0,89.9089
Side_fall,65,,Lying,,0.811,0.0,97.5475
Side_fall,66,,Lying,,0.856,0.0,113.2603
Side_fall,67,,Lying,,0.876,0.0,116.3378
Side_fall,68,,Lying,,0.892,0.0,141.7649
Side_fall,69,Lying,Lying,True,0.904,0.0,117.2043
Side_fall,70,Lying,Lying,True,0.913,0.0,131.7419
Side_fall,71,Lying,Lying,True,0.918,0.0,123.2456
Side_fall,72,Lying,Lying,True,0.923,0.0,101.9872
Side_fall,73,Lying,Lying,True,0.929,0.0,98.3961
Side_fall,74,Lying,Lying,True,0.932,0.0,101.0467
Side_fall,75,Lying,Lying,True,0.933,0.0,106.7482
Side_fall,76,Lying,Lying,True,0.938,0.0,85.7905
Side_fall,77,Lying,Lying,True,0.939,0.0,99.4306
Side_fall,78,Lying,Lying,True,0.939,0.0,100.897
Side_fall,79,Lying,Lying,True,0.939,0.0,151.1859
Side_fall,80,Lying,Lying,True,0.94,0.0,151.3793
Side_fall,81,Lying,Lying,True,0.94,0.0,118.286
Side_fall,82,Lying,Lying,True,0.94,0.0,112.4026
Side_fall,83,Lying,Lying,True,0.94,0.0,110.3864
Side_fall,84,Lying,Lying,True,0.94,0.0,120.6
Side_fall,85,Lying,Lying,True,0.94,0.0,106.5977
Side_fall,86,Lying,Lying,True,0.94,0.0,101.0593
Side_fall,87,Lying,Lying,True,0.939,0.0,106.4618
Side_fall,88,Lying,Lying,True,0.94,0.0,112.1665
Side_fall,89,Lying,Lying,True,0.94,0.0,127.4384
Side_fall,90,Lying,Lying,True,0.941,0.0,91.3531
Side_fall,91,Lying,Lying,True,0.946,0.0,90.9821
Side_fall,92,Lying,Lying,True,0.945,0.0,92.3816
Side_fall,93,Lying,Lying,True,0.943,0.0,97.0975
Side_fall,94,Lying,Lying,True,0.939,0.0,100.1853
Side_fall,95,Lying,Lying,True,0.926,1.0,97.3736
Side_fall,96,Lying,Lying,True,0.916,1.0,92.8169
Side_fall,97,Lying,Lying,True,0.927,0.0,83.0136
Side_fall,98,Lying,Lying,True,0.93,0.0,88.4792
Side_fall,99,Lying,Lying,True,0.933,0.0,82.0808
Side_fall,100,Lying,Lying,True,0.936,0.0,108.126
Side_fall,101,Lying,Lying,True,0.94,0.0,82.0389
Side_fall,102,Lying,Lying,True,0.944,0.0,84.8418
Side_fall,103,Lying,Lying,True,0.946,0.0,90.0186
Side_fall,104,Lying,Lying,True,0.934,1.0,105.7642
Side_fall,105,Lying,Lying,True,0.925,1.0,87.4281
Side_fall,106,Lying,Lying,True,0.929,0.0,87.6622
Side_fall,107,Lying,Lying,True,0.918,0.0,80.6908
Side_fall,108,Lying,Lying,True,0.908,0.0,78.9058
Side_fall,109,Lying,Lying,True,0.907,0.0,79.0848
Side_fall,110,Lying,Lying,True,0.914,0.0,83.3026
Side_fall,111,Lying,Lying,True,0.922,0.0,81.233
Side_fall,112,Lying,Lying,True,0.903,1.0,86.3715
Side_fall,113,Lying,Lying,True,0.883,1.0,89.861
Side_fall,114,Lying,Lying,True,0.903,0.0,102.5767
Side_fall,115,Lying,Lying,True,0.908,0.0,82.0774
Side_fall,116,Lying,Lying,True,0.907,0.0,104.9561
Side_fall,117,Lying,Lying,True,0.903,0.0,88.0316
Side_fall,118,Lying,Lying,True,0.9,0.0,80.5809
Side_fall,119,Lying,Lying,True,0.898,0.0,73.6149
Side_fall,120,Lying,Lying,True,0.885,0.0,70.3941
Side_fall,121,Lying,Lying,True,0.868,0.0,67.7407
Side_fall,122,Lying,Lying,True,0.862,0.0,68.4007
Side_fall,123,Lying,Lying,True,0.877,0.0,66.5718
Side_fall,124,Lying,Lying,True,0.884,0.0,66.8677
Side_fall,125,Lying,Lying,True,0.88,0.0,65.2878
Side_fall,126,Lying,Lying,True,0.866,0.0,63.0015
Side_fall,127,Lying,Lying,True,0.873,0.0,63.6959
Side_fall,128,Lying,Lying,True,0.862,0.0,67.9226
Side_fall,129,Lying,Lying,True,0.808,0.0,65.6187
Side_fall,130,Lying,Lying,True,0.767,0.0,65.4043
Side_fall,131,Lying,Lying,True,0.65,0.0,63.8743
Side_fall,132,Lying,Lying,True,0.499,0.0,65.1372
Side_fall,133,Lying,Lying,True,0.595,0.0,76.9969
Side_fall,134,Lying,Lying,True,0.566,0.0,65.6018
Side_fall,135,Lying,Lying,True,0.568,0.0,65.8134
Side_fall,136,Lying,Lying,True,0.673,0.0,64.1068
Side_fall,137,Lying,Lying,True,0.726,0.0,65.9322
Side_fall,138,Lying,Lying,True,0.801,0.0,79.3504
Side_fall,139,Lying,Lying,True,0.823,0.0,82.5521
Side_fall,140,Lying,Lying,True,0.851,0.0,78.1561
Side_fall,141,Lying,Lying,True,0.831,0.0,70.098
Side_fall,142,Lying,Lying,True,0.829,0.0,68.0064
Side_fall,143,Lying,Lying,True,0.752,0.0,79.0785
Side_fall,144,Lying,Lying,True,0.785,0.0,73.6576
Side_fall,145,Lying,Lying,True,0.793,0.0,74.2704
Side_fall,146,Lying,Lying,True,0.794,0.0,72.7577
Side_fall,147,Lying,Lying,True,0.756,0.0,75.6566
Side_fall,148,Lying,Lying,True,0.782,0.0,75.4237
Side_fall,149,Lying,Lying,True,0.721,0.0,72.063
Side_fall,150,Lying,Lying,True,0.751,0.0,71.8748
Side_fall,151,Lying,Lying,True,0.746,0.0,78.3827
Side_fall,152,Lying,Lying,True,0.825,0.0,73.7587
Side_fall,153,Lying,Lying,True,0.822,0.0,73.9369
Side_fall,154,Lying,Lying,True,0.841,0.0,74.7899
Side_fall,155,Lying,Lying,True,0.833,0.0,72.7247
Side_fall,156,Lying,Lying,True,0.847,0.0,82.1257
Side_fall,157,Lying,Lying,True,0.852,0.0,82.4021
Side_fall,158,Lying,Lying,True,0.838,0.0,79.9549
Side_fall,159,Lying,Lying,True,0.847,0.0,72.0912
Side_fall,160,Lying,Lying,True,0.853,0.0,91.5036
Side_fall,161,Lying,Lying,True,0.841,0.0,71.4176
Side_fall,162,Lying,Lying,True,0.847,0.0,70.309
Side_fall,163,Lying,Lying,True,0.778,0.0,70.3169
Slow_fall,31,Standing,Unknown,False,0.446,0.0,74.0398
Slow_fall,32,Standing,Unknown,False,0.437,0.0,75.9784
Slow_fall,33,Standing,Unknown,False,0.43,0.0,71.2035
Slow_fall,34,Standing,Unknown,False,0.424,0.0,80.9406
Slow_fall,35,Standing,Unknown,False,0.418,0.0,71.7124
Slow_fall,36,Standing,Unknown,False,0.413,0.0,71.0618
Slow_fall,37,Standing,Unknown,False,0.409,0.0,69.8441
Slow_fall,38,Standing,Unknown,False,0.404,0.0,78.6325
Slow_fall,39,Standing,Unknown,False,0.4,0.0,83.4467
Slow_fall,40,Standing,Unknown,False,0.396,0.0,92.2697
Slow_fall,41,Standing,Unknown,False,0.392,0.0,93.636
Slow_fall,42,Standing,Unknown,False,0.388,0.0,96.3481
Slow_fall,43,Standing,Unknown,False,0.385,0.0,90.598
Slow_fall,44,Standing,Unknown,False,0.382,0.0,102.4697
Slow_fall,45,Standing,Unknown,False,0.381,0.0,114.3698
Slow_fall,46,Standing,Unknown,False,0.38,0.0,90.071
Slow_fall,47,Standing,Unknown,False,0.38,0.0,82.2279
Slow_fall,48,Standing,Unknown,False,0.381,0.0,85.7304
Slow_fall,49,Standing,Unknown,False,0.383,0.0,78.7461
Slow_fall,50,Standing,Unknown,False,0.387,0.0,95.2283
Slow_fall,51,Standing,Unknown,False,0.389,0.0,75.4619
Slow_fall,52,Standing,Unknown,False,0.391,0.0,74.7253
Slow_fall,53,Standing,Unknown,False,0.392,0.0,71.5543
Slow_fall,54,Standing,Unknown,False,0.392,0.0,66.0103
Slow_fall,55,Standing,Unknown,False,0.39,0.0,71.0249
Slow_fall,56,Standing,Unknown,False,0.388,0.0,87.5235
Slow_fall,57,Standing,Unknown,False,0.386,0.0,72.2866
Slow_fall,58,Standing,Unknown,False,0.383,0.0,75.0061
Slow_fall,59,Standing,Unknown,False,0.378,0.0,78.1671
Slow_fall,60,Standing,Unknown,False,0.373,0.0,67.231
Slow_fall,61,Standing,Unknown,False,0.364,0.0,62.8548
Slow_fall,62,Standing,Unknown,False,0.352,0.0,62.5876
Slow_fall,63,Standing,Unknown,False,0.338,0.0,60.2211
Slow_fall,64,Standing,Unknown,False,0.322,0.0,61.514
Slow_fall,65,Standing,Unknown,False,0.303,0.0,64.5787
Slow_fall,66,,Unknown,,0.281,0.0,76.277
Slow_fall,67,,Lying,,0.294,0.0,112.9677
Slow_fall,68,,Lying,,0.341,0.0,75.1827
Slow_fall,69,,Lying,,0.39,0.0,66.5548
Slow_fall,70,,Lying,,0.446,0.0,67.5239
Slow_fall,71,,Lying,,0.505,0.0,62.8738
Slow_fall,72,,Lying,,0.57,0.0,62.699
Slow_fall,73,,Lying,,0.627,0.0,80.0041
Slow_fall,74,,Lying,,0.673,0.0,95.5455
Slow_fall,75,,Lying,,0.708,0.0,76.1991
Slow_fall,76,,Lying,,0.73,0.0,67.0867
Slow_fall,77,,Lying,,0.744,0.0,68.0836
Slow_fall,78,,Lying,,0.754,0.0,73.6764
Slow_fall,79,,Lying,,0.761,0.0,79.0664
Slow_fall,80,,Lying,,0.768,0.0,68.6397
Slow_fall,81,,Lying,,0.771,0.0,69.3949
Slow_fall,82,,Lying,,0.77,0.0,63.8186
Slow_fall,83,,Lying,,0.771,0.0,62.5376
Slow_fall,84,,Lying,,0.778,0.0,62.775
Slow_fall,85,,Lying,,0.777,0.0,61.6787
Slow_fall,86,,Lying,,0.784,0.0,63.7499
Slow_fall,87,,Lying,,0.774,0.0,63.6661
Slow_fall,88,,Lying,,0.775,0.0,62.5371
Slow_fall,89,,Lying,,0.775,0.0,60.6884
Slow_fall,90,,Lying,,0.79,1.0,62.5913
Slow_fall,91,,Lying,,0.777,0.0,62.8869
Slow_fall,92,,Lying,,0.747,0.0,61.0695
Slow_fall,93,,Lying,,0.705,0.0,61.3404
Slow_fall,94,,Lying,,0.718,0.0,60.2505
Slow_fall,95,,Lying,,0.754,0.0,60.1694
Slow_fall,96,,Lying,,0.785,0.0,60.6438
Slow_fall,97,,Lying,,0.804,0.0,61.1844
Slow_fall,98,,Lying,,0.837,0.0,81.5969
Slow_fall,99,,Lying,,0.821,0.0,62.4043
Slow_fall,100,,Lying,,0.796,0.0,61.251
Slow_fall,101,,Lying,,0.763,0.0,59.0936
Slow_fall,102,,Lying,,0.747,0.0,58.9307
Slow_fall,103,,Lying,,0.765,0.0,60.487
Slow_fall,104,,Lying,,0.757,0.0,60.7106
Slow_fall,105,,Lying,,0.732,0.0,58.206
Slow_fall,106,,Lying,,0.705,0.0,60.0651
Slow_fall,107,,Lying,,0.673,0.0,106.6288
Slow_fall,108,,Lying,,0.642,0.0,63.9831
Slow_fall,109,,Lying,,0.615,0.0,62.5875
Slow_fall,110,,Lying,,0.593,0.0,60.2717
Slow_fall,111,,Lying,,0.582,0.0,59.8806
Slow_fall,112,,Lying,,0.568,0.0,60.8673
Slow_fall,113,,Lying,,0.598,0.0,60.4723
Slow_fall,114,,Lying,,0.634,0.0,62.7811
Slow_fall,115,,Lying,,0.649,0.0,61.6152
Slow_fall,116,,Lying,,0.658,0.0,60.616
Slow_fall,117,,Lying,,0.715,0.0,58.0631
Slow_fall,118,,Lying,,0.747,0.0,57.6657
Slow_fall,119,,Lying,,0.77,0.0,58.5026
Slow_fall,120,,Lying,,0.822,1.0,62.9137
Slow_fall,121,,Lying,,0.877,0.0,58.427
Slow_fall,122,,Lying,,0.902,1.0,107.1053
Slow_fall,123,,Lying,,0.911,1.0,73.7993
Slow_fall,124,,Lying,,0.916,0.0,79.4105
Slow_fall,125,,Lying,,0.925,0.0,66.1667
Slow_fall,126,Lying,Lying,True,0.916,1.0,78.748
Slow_fall,127,Lying,Lying,True,0.909,1.0,75.2094
Slow_fall,128,Lying,Lying,True,0.916,0.0,93.3707
Slow_fall,129,Lying,Lying,True,0.91,0.0,98.5541
Slow_fall,130,Lying,Lying,True,0.91,0.0,91.9036
Slow_fall,131,Lying,Lying,True,0.861,0.0,97.6246
Slow_fall,132,Lying,Lying,True,0.775,0.0,100.4393
Slow_fall,133,Lying,Lying,True,0.881,0.0,85.26
Slow_fall,134,Lying,Lying,True,0.859,0.0,87.2014
Slow_fall,135,Lying,Lying,True,0.829,0.0,83.3269
Slow_fall,136,Lying,Lying,True,0.792,0.0,79.1809
Slow_fall,137,Lying,Lying,True,0.735,0.0,81.0731
Slow_fall,138,Lying,Lying,True,0.648,0.0,87.218
Slow_fall,139,Lying,Lying,True,0.518,0.0,83.5732
Slow_fall,140,Lying,Lying,True,0.609,0.0,73.6981
Slow_fall,141,Lying,Lying,True,0.749,0.0,78.3252
Slow_fall,142,Lying,Lying,True,0.835,0.0,78.0649
Slow_fall,143,Lying,Lying,True,0.889,0.0,75.5268
Slow_fall,144,Lying,Lying,True,0.926,1.0,73.3601
Slow_fall,145,Lying,Lying,True,0.948,0.0,73.7928
Slow_fall,146,Lying,Lying,True,0.963,0.0,84.2814
Slow_fall,147,Lying,Lying,True,0.975,0.0,87.9622
Slow_fall,148,Lying,Lying,True,0.983,0.0,73.817
Slow_fall,149,Lying,Lying,True,0.99,0.0,80.5462
Slow_fall,150,Lying,Lying,True,0.99,0.0,72.055
Slow_fall,151,Lying,Lying,True,0.993,0.0,74.2933
Slow_fall,152,Lying,Lying,True,0.992,1.0,81.5083
Slow_fall,153,Lying,Lying,True,0.992,1.0,70.8496
Slow_fall,154,Lying,Lying,True,0.992,1.0,70.78
Slow_fall,155,Lying,Lying,True,0.992,1.0,70.3338
Slow_fall,156,Lying,Lying,True,0.992,1.0,73.9233
Slow_fall,157,Lying,Lying,True,0.992,1.0,82.5803
Slow_fall,158,Lying,Lying,True,0.992,1.0,80.5038
Slow_fall,159,Lying,Lying,True,0.991,1.0,91.8154
Slow_fall,160,Lying,Lying,True,0.991,1.0,74.9033
Slow_fall,161,Lying,Lying,True,0.991,1.0,76.0793
Slow_fall,162,Lying,Lying,True,0.991,1.0,73.206
Slow_fall,163,Lying,Lying,True,0.991,1.0,71.2915
Slow_fall,164,Lying,Lying,True,0.991,1.0,73.9184
Slow_fall,165,Lying,Lying,True,0.991,0.0,76.923
Slow_fall,166,Lying,Lying,True,0.991,1.0,75.9367
Slow_fall,167,Lying,Lying,True,0.99,1.0,97.076
Slow_fall,168,Lying,Lying,True,0.99,1.0,75.8872
Slow_fall,169,Lying,Lying,True,0.989,1.0,81.3375
Slow_fall,170,Lying,Lying,True,0.988,1.0,77.8532
Slow_fall,171,Lying,Lying,True,0.987,1.0,76.8344
Slow_fall,172,Lying,Lying,True,0.985,1.0,73.2186
Slow_fall,173,Lying,Lying,True,0.983,0.0,69.8872
Slow_fall,174,Lying,Lying,True,0.983,0.0,63.7006
Slow_fall,175,Lying,Lying,True,0.977,1.0,62.2565
Slow_fall,176,Lying,Lying,True,0.971,0.0,64.741
Slow_fall,177,Lying,Lying,True,0.958,0.0,59.6055
Slow_fall,178,Lying,Lying,True,0.918,1.0,61.7317
Slow_fall,179,Lying,Lying,True,0.725,0.0,60.9079
Slow_fall,180,Lying,Lying,True,0.452,1.0,61.2281
Slow_fall,181,Lying,Lying,True,0.425,1.0,60.3544
Slow_fall,182,Lying,Lying,True,0.384,0.0,58.3353
Slow_fall,183,Lying,Lying,True,0.325,1.0,56.7935
Slow_fall,184,Lying,Unknown,False,0.292,0.0,58.7336
Slow_fall,185,Lying,Unknown,False,0.299,1.0,77.7087
Slow_fall,186,Lying,Unknown,False,0.316,1.0,75.1438
Slow_fall,187,Lying,Unknown,False,0.303,0.0,77.639
Slow_fall,188,Lying,Unknown,False,0.309,1.0,95.0377
Slow_fall,189,Lying,Unknown,False,0.324,0.0,103.6666
Slow_fall,190,Lying,Unknown,False,0.33,0.0,94.696
Slow_fall,191,Lying,Unknown,False,0.293,0.0,102.6789
Slow_fall,192,Lying,Unknown,False,0.265,1.0,122.1042
Slow_fall,193,Lying,Lying,True,0.296,0.0,122.944
Slow_fall,194,Lying,Lying,True,0.365,1.0,101.0085
Slow_fall,195,Lying,Lying,True,0.379,0.0,106.8769
Slow_fall,196,Lying,Lying,True,0.436,0.0,85.2306
Slow_fall,197,Lying,Lying,True,0.517,1.0,90.5798
Slow_fall,198,Lying,Lying,True,0.613,0.0,93.355
Slow_fall,199,Lying,Lying,True,0.706,0.0,121.1606
Slow_fall,200,Lying,Lying,True,0.768,0.0,142.4759
Slow_fall,201,Lying,Lying,True,0.802,1.0,142.8156
Slow_fall,202,Lying,Lying,True,0.797,0.0,122.0302
Slow_fall,203,Lying,Lying,True,0.785,0.0,115.2468
Slow_fall,204,Lying,Lying,True,0.625,0.0,121.6006
Slow_fall,205,Lying,Lying,True,0.704,0.0,113.9781
