frame_number,timestamp,gt_label,ignore,posture_label,fall_detected,confidence,other_labels,knee_angle,hip_angle,torso_angle,velocity,torso_angular_velocity,body_height,effective_max_bh,hip_height,lower_body_occluded,tracking_lost_after_fall,recent_label_history
1,0.03333333333333333,Transition,True,Sitting,False,0.55,angle_sitting,74.6154206489589,164.04515094132273,6.070815615094754,0.0,0.0,0.20405576698611308,0.20405576698611308,0.19159281253814697,False,False,Sitting
2,0.06666666666666667,Transition,True,Sitting,False,0.62,angle_sitting,72.76751382429885,156.19701751570852,6.821900813554249,3.428863273868604,22.532555953784847,0.19893772769176626,0.19893772769176626,0.19559922814369202,False,False,Sitting|Sitting
3,0.1,Transition,True,Sitting,False,0.62,angle_sitting,86.40533635419548,134.73692497677067,21.83513451348821,3.905188583279839,450.39701099801874,0.20489607235786547,0.20489607235786547,0.2044908106327057,False,False,Sitting|Sitting|Sitting
4,0.13333333333333333,Transition,True,Sitting,False,0.62,angle_sitting,84.02986408580335,132.5888880627024,16.892711740406515,1.8618828689039975,148.2726831924509,0.22091054029732818,0.22091054029732818,0.20313170552253723,False,False,Sitting|Sitting|Sitting|Sitting
5,0.16666666666666666,Transition,True,Sitting,False,0.62,angle_sitting,80.56460730213291,141.62141475944514,13.809844014629364,0.714551372729901,92.48603177331454,0.20724954451040084,0.20724954451040084,0.20111757516860962,False,False,Sitting|Sitting|Sitting|Sitting|Sitting
6,0.2,Transition,True,Sitting,False,0.62,angle_sitting,76.66922078680496,155.64558820040276,3.7085624576704816,2.359455187419279,303.0384467087663,0.21539407497528315,0.21539407497528315,0.19746193289756775,False,False,Sitting|Sitting|Sitting|Sitting|Sitting
7,0.23333333333333334,Transition,True,Sitting,False,0.62,angle_sitting,68.83367426316354,156.09153440264058,0.9401139388971704,0.2991165279293541,83.05345556319935,0.20411412199949114,0.20411412199949114,0.19732362031936646,False,False,Sitting|Sitting|Sitting|Sitting|Sitting
8,0.26666666666666666,Transition,True,Sitting,False,0.62,angle_sitting,78.18662580115284,158.05372071875456,3.123063550244928,0.008718983615460332,65.48848834043274,0.2216961025819167,0.2216961025819167,0.1972971260547638,False,False,Sitting|Sitting|Sitting|Sitting|Sitting
9,0.3,Transition,True,Sitting,False,0.62,angle_sitting,82.11352513426687,165.28834184826547,5.48503668200944,2.686904175771854,70.85919395293537,0.2113525208052722,0.2113525208052722,0.18979290127754211,False,False,Sitting|Sitting|Sitting|Sitting|Sitting
10,0.3333333333333333,Transition,True,Sitting,False,0.62,angle_sitting,67.04026664597507,154.42452630671542,0.3232032627868237,2.5212732673410745,154.85500257667852,0.20735417183322036,0.20735417183322036,0.19649112224578857,False,False,Sitting|Sitting|Sitting|Sitting|Sitting
11,0.36666666666666664,Transition,True,Sitting,False,0.62,angle_sitting,74.52792309955399,160.07827306526337,1.9195198009800298,1.2043199122739006,47.889496145796194,0.21729346227087754,0.21729346227087754,0.19320234656333923,False,False,Sitting|Sitting|Sitting|Sitting|Sitting
12,0.4,Transition,True,Sitting,False,0.62,angle_sitting,70.62220947288888,156.93927959115916,0.638326190904971,0.9257983163078072,38.435808302251715,0.21666580868425836,0.21666580868425836,0.19448164105415344,False,False,Sitting|Sitting|Sitting|Sitting|Sitting
13,0.43333333333333335,Transition,True,Sitting,False,0.62,angle_sitting,80.6656738646729,154.39281490670044,2.954971958094094,0.5560628275297201,69.4993730156737,0.20541201441900256,0.20541201441900256,0.19690775871276855,False,False,Sitting|Sitting|Sitting|Sitting|Sitting
14,0.4666666666666667,Transition,True,Sitting,False,0.62,angle_sitting,69.80510091588127,156.19951351146267,0.45514306414610756,0.31378431750706715,74.9948668184396,0.20675832878477907,0.20675832878477907,0.19551005959510803,False,False,Sitting|Sitting|Sitting|Sitting|Sitting
15,0.5,Transition,True,Sitting,False,0.62,angle_sitting,84.8274488451836,152.8523298312357,6.232319473014221,1.653952072783934,173.31529226604343,0.2100599974296783,0.2100599974296783,0.1972408890724182,False,False,Sitting|Sitting|Sitting|Sitting|Sitting
16,0.5333333333333333,Transition,True,Sitting,False,0.62,angle_sitting,70.79295638983064,155.36676028119146,1.0569058463852197,1.964622139619404,155.2624087988701,0.21168158480667748,0.21168158480667748,0.19655388593673706,False,False,Sitting|Sitting|Sitting|Sitting|Sitting
17,0.5666666666666667,Transition,True,Sitting,False,0.62,angle_sitting,82.53827684561516,161.57958552982245,4.709958289563963,1.754662050204381,109.59157329536234,0.21736598226668127,0.21736598226668127,0.19065749645233154,False,False,Sitting|Sitting|Sitting|Sitting|Sitting
18,0.6,Transition,True,Sitting,False,0.62,angle_sitting,82.21270409612463,162.22883311781624,8.371715679159964,0.510214769360062,109.85272168788003,0.2224037106094934,0.2224037106094934,0.18687540292739868,False,False,Sitting|Sitting|Sitting|Sitting|Sitting
19,0.6333333333333333,Transition,True,Sitting,False,0.62,angle_sitting,67.0455352434716,157.95829218614654,2.4439089150149162,1.6851438348737318,177.83420292435147,0.20871690759872316,0.20871690759872316,0.19525712728500366,False,False,Sitting|Sitting|Sitting|Sitting|Sitting
20,0.6666666666666666,Transition,True,Sitting,False,0.62,angle_sitting,85.497115433851,167.68570090302762,2.008332607297415,0.795465821686153,13.067289231525047,0.207303549559333,0.207303549559333,0.1911759376525879,False,False,Sitting|Sitting|Sitting|Sitting|Sitting
21,0.7,Transition,True,Sitting,False,0.62,angle_sitting,72.53811640146651,161.42071259926345,6.248048318135006,0.3825635082170852,127.19147132512778,0.2102804538806135,0.2102804538806135,0.19256198406219482,False,False,Sitting|Sitting|Sitting|Sitting|Sitting
22,0.7333333333333333,Transition,True,Sitting,False,0.62,angle_sitting,83.23633617120763,156.00864915174523,0.2102204485493022,1.0020286228144273,181.13483608757116,0.21212306664054068,0.21212306664054068,0.19409915804862976,False,False,Sitting|Sitting|Sitting|Sitting|Sitting
23,0.7666666666666667,Transition,True,Sitting,False,0.62,angle_sitting,85.39933337059935,157.23235665768982,3.4351279168270943,1.224636295525332,96.74722404833346,0.2098998919576942,0.2098998919576942,0.20038023591041565,False,False,Sitting|Sitting|Sitting|Sitting|Sitting
24,0.8,Transition,True,Sitting,False,0.62,angle_sitting,62.42597889911255,148.15693370950515,2.2217463064990777,0.5909003107586093,36.401448309840504,0.208010610717208,0.208010610717208,0.19633087515830994,False,False,Sitting|Sitting|Sitting|Sitting|Sitting
25,0.8333333333333334,Transition,True,Sitting,False,0.62,angle_sitting,65.0695717078004,156.59886505668533,1.0927072157977298,0.5581322694586494,33.871172721040445,0.20979544445710566,0.20979544445710566,0.19549840688705444,False,False,Sitting|Sitting|Sitting|Sitting|Sitting
26,0.8666666666666667,Transition,True,Sitting,False,0.62,angle_sitting,78.3184214210088,160.23256672108144,3.089370869563808,1.6576691805161983,59.899909612982356,0.22103507075185608,0.22103507075185608,0.18451786041259766,False,False,Sitting|Sitting|Sitting|Sitting|Sitting
27,0.9,Transition,True,Sitting,False,0.62,angle_sitting,60.32622943988346,144.5232796830403,1.6956674132980738,1.3698137308155283,41.81110368797203,0.2138955989598689,0.2138955989598689,0.18894711136817932,False,False,Sitting|Sitting|Sitting|Sitting|Sitting
28,0.9333333333333333,Transition,True,Sitting,False,0.62,angle_sitting,57.2763174821476,145.87124548576574,4.109896002273143,0.8185961965132845,72.42685766925207,0.21224659715302205,0.21224659715302205,0.19132542610168457,False,False,Sitting|Sitting|Sitting|Sitting|Sitting
29,0.9666666666666667,Transition,True,Sitting,False,0.62,angle_sitting,50.54063546321143,134.309934063812,8.952964610255327,0.7639964277099905,145.29205823946558,0.21358951752262867,0.21358951752262867,0.19280990958213806,False,False,Sitting|Sitting|Sitting|Sitting|Sitting
30,1.0,Transition,True,Sitting,False,0.62,angle_sitting,62.28085926137743,126.7650228794432,20.100114371488566,1.7740764666072601,334.4144928369972,0.22082335287108282,0.22082335287108282,0.19221016764640808,False,False,Sitting|Sitting|Sitting|Sitting|Sitting
31,1.0333333333333334,,False,Sitting,False,0.62,angle_sitting,63.617217430673385,133.6804329156377,14.93467873323817,1.9389528719564009,154.96306914751136,0.2078599418161528,0.2078599418161528,0.18747445940971375,False,False,Sitting|Sitting|Sitting|Sitting|Sitting
32,1.0666666666666667,,False,Sitting,False,0.62,angle_sitting,65.91566984970778,128.8877163345423,15.784741692822912,0.6520396277046075,25.501888787542345,0.2058912282262275,0.2058912282262275,0.18665102124214172,False,False,Sitting|Sitting|Sitting|Sitting|Sitting
33,1.1,,False,Sitting,False,0.62,angle_sitting,56.001032508351265,126.15550949046761,15.295174356189024,0.47912155754279473,14.687020099016593,0.21164977948585934,0.21164977948585934,0.18881335854530334,False,False,Sitting|Sitting|Sitting|Sitting|Sitting
34,1.1333333333333333,,False,Sitting,False,0.62,angle_sitting,62.327912233842426,126.17911479977147,20.779474164373244,0.9737083668031719,164.52899424552717,0.2188840969428827,0.2188840969428827,0.18701863288879395,False,False,Sitting|Sitting|Sitting|Sitting|Sitting
35,1.1666666666666667,,False,Sitting,False,0.62,angle_sitting,50.924055471192304,116.11545108587865,21.002867501945182,0.17621194613765045,6.701800127158124,0.22020072853088582,0.22020072853088582,0.18639785051345825,False,False,Sitting|Sitting|Sitting|Sitting|Sitting
36,1.2,,False,Sitting,False,0.62,angle_sitting,68.48952993065146,129.99674063773253,20.07878989473041,0.33032664886167046,27.722328216443294,0.203369502521658,0.203369502521658,0.18618059158325195,False,False,Sitting|Sitting|Sitting|Sitting|Sitting
37,1.2333333333333334,,False,Sitting,False,0.62,angle_sitting,73.66397885115475,122.60466032328252,25.73474485094891,1.5128234565098366,169.6786486865545,0.1974625131272245,0.1974625131272245,0.1847190260887146,False,False,Sitting|Sitting|Sitting|Sitting|Sitting
38,1.2666666666666666,,False,Sitting,False,0.62,angle_sitting,42.37692678131045,101.9410077815413,27.509333892383474,1.1599029673054715,53.237671243037084,0.19463797929184382,0.19463797929184382,0.1835024356842041,False,False,Sitting|Sitting|Sitting|Sitting|Sitting
39,1.3,,False,Sitting,False,0.62,angle_sitting,53.02187535124118,113.2003488277864,26.661667187701365,0.41847099848987573,25.430001140463176,0.19230204772980006,0.19230204772980006,0.1808474361896515,False,False,Sitting|Sitting|Sitting|Sitting|Sitting
40,1.3333333333333333,,False,Sitting,False,0.62,angle_sitting,67.08185222200821,121.24849291321269,26.07705893059082,0.43889484511278337,17.53824771331643,0.1947302024302782,0.1947302024302782,0.1817251741886139,False,False,Sitting|Sitting|Sitting|Sitting|Sitting
41,1.3666666666666667,,False,Sitting,False,0.62,angle_sitting,62.49562726920253,125.14774669019837,29.221306924255227,0.93278781652721,94.32743980993193,0.19213421327802327,0.19213421327802327,0.1810925304889679,False,False,Sitting|Sitting|Sitting|Sitting|Sitting
42,1.4,,False,Sitting,False,0.62,angle_sitting,55.73954293856997,101.33421344573654,32.30250051144739,0.8641830274404965,92.43580761576526,0.2032876543032793,0.2032876543032793,0.17871037125587463,False,False,Sitting|Sitting|Sitting|Sitting|Sitting
43,1.4333333333333333,,False,Sitting,False,0.62,angle_sitting,71.10788613342251,105.34368821202109,31.860287812254985,0.3571261121177481,13.26638097577216,0.18511189975561962,0.18511189975561962,0.17813539505004883,False,False,Sitting|Sitting|Sitting|Sitting|Sitting
44,1.4666666666666666,,False,Sitting,False,0.62,angle_sitting,67.21377799596428,106.70790905132759,32.69280731747478,0.6155875680325623,24.975585156593976,0.1756717554638122,0.1756717554638122,0.17750447988510132,False,False,Sitting|Sitting|Sitting|Sitting|Sitting
45,1.5,,False,Sitting,False,0.62,angle_sitting,37.46038159417069,81.88632654103264,35.99507168256261,2.055235314847326,99.06793095263457,0.16999259630608668,0.16999259630608668,0.17695161700248718,False,False,Sitting|Sitting|Sitting|Sitting|Sitting
46,1.5333333333333334,,False,Sitting,False,0.62,angle_sitting,24.747574738950945,69.3643952484478,41.45497113921582,2.119508016442093,163.79698369959584,0.14928075514390438,0.15,0.1787366271018982,False,False,Sitting|Sitting|Sitting|Sitting|Sitting
47,1.5666666666666667,,False,Sitting,False,0.62,angle_sitting,83.50204073081828,82.80642941729297,42.26766586284307,1.6336933421887978,24.380841708817456,0.1344273594533306,0.15,0.1768144965171814,False,False,Sitting|Sitting|Sitting|Sitting|Sitting
48,1.6,,False,Sitting,False,0.62,angle_sitting,25.563138217847886,66.67386660354536,39.552913848856,0.7907914857801038,81.44256041961174,0.15369357038537398,0.15369357038537398,0.17288252711296082,False,False,Sitting|Sitting|Sitting|Sitting|Sitting
49,1.6333333333333333,,False,Sitting,False,0.62,angle_sitting,52.75626935615833,58.6207347975069,44.38803256244512,2.718623063629432,145.05356140767407,0.15267339050115294,0.15267339050115294,0.17524555325508118,False,False,Sitting|Sitting|Sitting|Sitting|Sitting
50,1.6666666666666667,,False,Sitting,False,0.62,angle_sitting,23.816714304137065,41.556696937657414,43.06493895941027,1.5526583573853612,39.69280809104534,0.14140011308230935,0.15,0.1693192422389984,False,False,Sitting|Sitting|Sitting|Sitting|Sitting
51,1.7,,False,Sitting,False,0.62,angle_sitting,49.081771140077365,79.86853147060324,38.48068187937907,2.0939410035603796,137.5277124009365,0.18726037466742634,0.18726037466742634,0.15804755687713623,False,False,Sitting|Sitting|Sitting|Sitting|Sitting
52,1.7333333333333334,,False,Sitting,False,0.62,angle_sitting,7.12104176865042,50.38365189189102,37.70515361970169,0.9299500759847272,23.265847790321317,0.12969720253941064,0.15,0.1558924913406372,False,False,Sitting|Sitting|Sitting|Sitting|Sitting
53,1.7666666666666666,,False,Sitting,False,0.62,angle_sitting,86.33776732363252,117.3756960551392,42.01241278699896,3.5871268656005437,129.2177750189185,0.23962238798519578,0.23962238798519578,0.14235225319862366,False,False,Sitting|Sitting|Sitting|Sitting|Sitting
54,1.8,,False,Sitting,False,0.62,angle_sitting,52.57245239917311,63.450685442167114,37.65133811985556,2.277256444660063,130.83224001430156,0.1830670732884402,0.1830670732884402,0.129032164812088,False,False,Sitting|Sitting|Sitting|Sitting|Sitting
55,1.8333333333333333,,False,Sitting,False,0.62,angle_sitting,84.7363101200688,123.44827718398318,38.914681717928126,2.0187864444298316,37.90030794217713,0.22578025872257498,0.22578025872257498,0.12272363901138306,False,False,Sitting|Sitting|Sitting|Sitting|Sitting
56,1.8666666666666667,,False,Sitting,False,0.62,angle_sitting,52.43533834859148,93.6995316525445,36.979585407763395,1.2130543591848302,58.05288930494175,0.20938034171795405,0.20938034171795405,0.11484169960021973,False,False,Sitting|Sitting|Sitting|Sitting|Sitting
57,1.9,,False,Sitting,False,0.62,angle_sitting,21.182334180990193,63.447274657095655,32.74814550604292,0.754973918012513,126.94319705161479,0.1750338817814175,0.1750338817814175,0.11220043897628784,False,False,Sitting|Sitting|Sitting|Sitting|Sitting
58,1.9333333333333333,,False,Sitting,False,0.62,angle_sitting,21.606565889786847,65.89536110942348,30.14478931275219,2.3112774115253183,78.10068579872151,0.18113568762878796,0.18113568762878796,0.10319903492927551,False,False,Sitting|Sitting|Sitting|Sitting|Sitting
59,1.9666666666666666,,False,Sitting,False,0.62,angle_sitting,33.326735548209896,67.55576366406129,28.14793916664613,1.933940215844132,59.90550438318209,0.1792509916274193,0.1792509916274193,0.10952743887901306,False,False,Sitting|Sitting|Sitting|Sitting|Sitting
60,2.0,Sitting,False,Sitting,False,0.62,angle_sitting,29.377334156250576,79.16946878426063,26.089308513348737,3.150627610508435,61.75891959892157,0.20371772868214583,0.20371772868214583,0.09629181027412415,False,False,Sitting|Sitting|Sitting|Sitting|Sitting
61,2.033333333333333,Sitting,False,Sitting,False,0.62,angle_sitting,19.882222749351058,78.06636449533957,17.88929696659724,1.5574678278284873,246.0003464025458,0.1691908874529603,0.1691908874529603,0.09748080372810364,False,False,Sitting|Sitting|Sitting|Sitting|Sitting
62,2.066666666666667,Sitting,False,Sitting,False,0.62,angle_sitting,52.57189840505828,68.17174068806096,31.51196677756931,6.568540416918783,408.6800943291581,0.1582042436730073,0.1582042436730073,0.10548228025436401,False,False,Sitting|Sitting|Sitting|Sitting|Sitting
63,2.1,Sitting,False,Lying,False,0.65,"horizontal_torso,slow_lie",152.6646889100461,55.948546530048446,50.62222483301167,7.305902759558233,573.3077416632729,0.15616279222465634,0.15616279222465634,0.1279391050338745,False,False,Sitting|Sitting|Sitting|Sitting|Lying
64,2.1333333333333333,Sitting,False,Lying,False,0.65,"angle_sitting,slow_lie",27.12273804841166,84.11012546162179,13.10871804474771,11.09285539235671,720.0,0.17114448499547033,0.17114448499547033,0.09277337789535522,False,False,Sitting|Sitting|Sitting|Lying|Sitting
65,2.1666666666666665,Sitting,False,Lying,False,0.65,"angle_sitting,slow_lie",33.079323392143074,85.00348250595198,12.323307149556783,0.3768857329234125,23.56232685572788,0.1741245713222558,0.1741245713222558,0.09476637840270996,False,False,Sitting|Sitting|Lying|Sitting|Sitting
66,2.2,Sitting,False,Lying,False,0.65,"angle_sitting,slow_lie",22.17085546348125,85.42581079479498,9.342991536096818,1.4302751250344596,89.40946840379807,0.16632010362464292,0.16632010362464292,0.0989653468132019,False,False,Sitting|Lying|Sitting|Sitting|Sitting
67,2.2333333333333334,Sitting,False,Lying,False,0.65,"angle_sitting,slow_lie",27.637776009870052,99.1972381829959,1.9151010364111498,1.8116992631447906,222.83671499057084,0.18106209104046428,0.18106209104046428,0.09752818942070007,False,False,Lying|Sitting|Sitting|Sitting|Sitting
68,2.2666666666666666,Sitting,False,Sitting,False,0.62,angle_sitting,30.198157508812255,94.72714526810904,5.7698641920857465,0.6218485133301388,115.64289467023832,0.1827183036427821,0.1827183036427821,0.09779226779937744,False,False,Sitting|Sitting|Sitting|Sitting|Sitting
69,2.3,Sitting,False,Sitting,False,0.62,angle_sitting,26.815683793550303,90.89467554126436,0.02916828784149577,2.162162908582427,172.22087712732812,0.17214001280490995,0.17214001280490995,0.09774300456047058,False,False,Sitting|Sitting|Sitting|Sitting|Sitting
70,2.3333333333333335,Sitting,False,Sitting,False,0.62,angle_sitting,43.683354300660596,98.36503832977857,6.916561482951831,1.00448869281386,206.62179585330804,0.20386887104931303,0.20386887104931303,0.09920859336853027,False,False,Sitting|Sitting|Sitting|Sitting|Sitting
71,2.3666666666666667,Sitting,False,Sitting,False,0.62,angle_sitting,42.048707766893926,94.88694323013144,11.185379797029743,1.4141124401492644,128.06454942233782,0.21406432712760567,0.21406432712760567,0.08915829658508301,False,False,Sitting|Sitting|Sitting|Sitting|Sitting
72,2.4,Sitting,False,Sitting,False,0.62,angle_sitting,48.278108433089244,98.73103884191593,7.605232546838915,1.1021032430529811,107.40441750572523,0.20807054864227686,0.20807054864227686,0.09680089354515076,False,False,Sitting|Sitting|Sitting|Sitting|Sitting
73,2.433333333333333,Sitting,False,Sitting,False,0.62,angle_sitting,36.15936257882473,90.19561168798045,6.456944205326571,1.931610480705106,34.44865024537043,0.20880529346197052,0.20880529346197052,0.08335927128791809,False,False,Sitting|Sitting|Sitting|Sitting|Sitting
74,2.466666666666667,Sitting,False,Sitting,False,0.62,angle_sitting,50.10595643091432,97.39401887536239,9.76939230427908,0.9563044888060812,99.37344296857431,0.22513292986642985,0.22513292986642985,0.09043571352958679,False,False,Sitting|Sitting|Sitting|Sitting|Sitting
75,2.5,Sitting,False,Sitting,False,0.62,angle_sitting,30.516836339433866,87.28101120628506,3.282477168881753,1.359249876732918,194.6074540619205,0.18212607362963723,0.18212607362963723,0.09434732794761658,False,False,Sitting|Sitting|Sitting|Sitting|Sitting
76,2.533333333333333,Sitting,False,Sitting,False,0.62,angle_sitting,22.62869153364798,91.34814142463955,1.9425231568745769,0.5779749416899829,40.19862036021543,0.1765448579482834,0.1765448579482834,0.09386911988258362,False,False,Sitting|Sitting|Sitting|Sitting|Sitting
77,2.566666666666667,Sitting,False,Sitting,False,0.62,angle_sitting,22.256659277437528,93.24640485843756,4.863574481469602,2.325315434671971,87.63153973784989,0.18126065287272972,0.18126065287272972,0.08056166768074036,False,False,Sitting|Sitting|Sitting|Sitting|Sitting
78,2.6,Sitting,False,Sitting,False,0.62,angle_sitting,20.239580982397033,88.5974161286262,5.8301280917388025,1.2805634559006958,28.996608308076123,0.17336747011839568,0.17336747011839568,0.0872582197189331,False,False,Sitting|Sitting|Sitting|Sitting|Sitting
79,2.6333333333333333,Sitting,False,Sitting,False,0.62,angle_sitting,28.272347831634356,96.86375878825817,5.282075209698827,0.8496175913761074,16.44158646119932,0.19104289262254662,0.19104289262254662,0.09028145670890808,False,False,Sitting|Sitting|Sitting|Sitting|Sitting
80,2.6666666666666665,Sitting,False,Sitting,False,0.62,angle_sitting,29.29962788010112,99.47818927745926,6.555475486174837,1.4099149144922163,38.202008294280425,0.18716503796097697,0.18716503796097697,0.09766387939453125,False,False,Sitting|Sitting|Sitting|Sitting|Sitting
81,2.7,Sitting,False,Sitting,False,0.62,angle_sitting,28.353072837253777,105.08102800919957,9.253332358766711,0.9309023947908036,80.93570617775543,0.17908489055189677,0.17908489055189677,0.1008150577545166,False,False,Sitting|Sitting|Sitting|Sitting|Sitting
82,2.7333333333333334,Sitting,False,Sitting,False,0.62,angle_sitting,30.989136397413876,93.295156563212,11.94371948243027,2.911273605860028,80.71161370990706,0.20324458426842773,0.20324458426842773,0.08239752054214478,False,False,Sitting|Sitting|Sitting|Sitting|Sitting
83,2.7666666666666666,Sitting,False,Sitting,False,0.62,angle_sitting,28.771560512993496,101.21824424093685,13.478933860853921,1.8464318855734139,46.05643135270971,0.20311504027840918,0.20311504027840918,0.09456279873847961,False,False,Sitting|Sitting|Sitting|Sitting|Sitting
84,2.8,Sitting,False,Sitting,False,0.62,angle_sitting,32.20289375099296,102.43014441740291,12.963604008119022,1.1911588695724813,15.459895582047027,0.20659062164248704,0.20659062164248704,0.08637934923171997,False,False,Sitting|Sitting|Sitting|Sitting|Sitting
85,2.8333333333333335,Sitting,False,Sitting,False,0.62,angle_sitting,32.396807470419276,109.00308552192224,16.470371199687538,0.7880470118610575,105.20301574705444,0.20651458063048758,0.20651458063048758,0.091621994972229,False,False,Sitting|Sitting|Sitting|Sitting|Sitting
86,2.8666666666666667,Sitting,False,Sitting,False,0.62,angle_sitting,26.617298047486983,105.11428414993661,13.586458285924214,0.10260958397174456,86.5173874129,0.18393248186335942,0.18393248186335942,0.0917397141456604,False,False,Sitting|Sitting|Sitting|Sitting|Sitting
87,2.9,Sitting,False,Sitting,False,0.62,angle_sitting,81.39059198666862,116.57978012080561,24.0374351310512,1.8293671370301703,313.5293053538107,0.2696020011853795,0.2696020011853795,0.10249555110931396,False,False,Sitting|Sitting|Sitting|Sitting|Sitting
88,2.933333333333333,Sitting,False,Sitting,False,0.62,angle_sitting,35.48558739806258,104.76824034566397,10.115865258503584,3.1316359576313615,417.64709617642995,0.198987149164084,0.198987149164084,0.09516999125480652,False,False,Sitting|Sitting|Sitting|Sitting|Sitting
89,2.966666666666667,Sitting,False,Sitting,False,0.62,angle_sitting,26.29578439202895,98.21518499850411,10.669036802639962,1.1392450851968783,16.595146324091164,0.1887497189643241,0.1887497189643241,0.09074485301971436,False,False,Sitting|Sitting|Sitting|Sitting|Sitting
90,3.0,Sitting,False,Sitting,False,0.62,angle_sitting,25.263092018767427,98.3890234282448,10.02768086665208,0.24260565158442285,19.24067807963652,0.19167861163285344,0.19167861163285344,0.08998027443885803,False,False,Sitting|Sitting|Sitting|Sitting|Sitting
91,3.033333333333333,Sitting,False,Sitting,False,0.62,angle_sitting,28.993137171393705,97.68613780429686,8.6890153252032,0.8990021438091799,40.15996624346652,0.1923267696281485,0.1923267696281485,0.09411811828613281,False,False,Sitting|Sitting|Sitting|Sitting|Sitting
92,3.066666666666667,Sitting,False,Sitting,False,0.62,angle_sitting,61.82453151180587,105.4648188738087,6.222983698299041,0.4214363254228026,73.98094880712407,0.2353203019794645,0.2353203019794645,0.09533336758613586,False,False,Sitting|Sitting|Sitting|Sitting|Sitting
93,3.1,Sitting,False,Sitting,False,0.62,angle_sitting,22.418011333339926,96.04609649176433,2.932757318232008,0.8697693328561747,98.70679140201135,0.17331604466157804,0.17331604466157804,0.09760817885398865,False,False,Sitting|Sitting|Sitting|Sitting|Sitting
94,3.1333333333333333,Sitting,False,Sitting,False,0.62,angle_sitting,21.143104838162547,93.56988965764108,4.201365830713007,0.6443576661678407,38.058255374430104,0.17199728531091266,0.17199728531091266,0.0952683687210083,False,False,Sitting|Sitting|Sitting|Sitting|Sitting
95,3.1666666666666665,Sitting,False,Sitting,False,0.62,angle_sitting,20.249358483648983,87.5002763012778,1.8666395700629053,1.820901526843932,70.04178781950328,0.16310964976631512,0.16310964976631512,0.09976303577423096,False,False,Sitting|Sitting|Sitting|Sitting|Sitting
96,3.2,Sitting,False,Sitting,False,0.62,angle_sitting,28.953012356023812,102.16057125459086,8.080152399317479,2.1332793262306016,186.40538487763538,0.1886173398445963,0.1886173398445963,0.09679505228996277,False,False,Sitting|Sitting|Sitting|Sitting|Sitting
97,3.2333333333333334,Sitting,False,Sitting,False,0.62,angle_sitting,32.86501526988815,86.71261413262893,0.00756568230551706,1.658271990681878,242.17760151035972,0.19075759225021657,0.19075759225021657,0.09272518754005432,False,False,Sitting|Sitting|Sitting|Sitting|Sitting
98,3.2666666666666666,Sitting,False,Sitting,False,0.62,angle_sitting,17.71681869805771,89.52435609945388,1.6058401481720705,0.5259175938107769,47.94823397599678,0.17221312834495212,0.17221312834495212,0.0905953049659729,False,False,Sitting|Sitting|Sitting|Sitting|Sitting
99,3.3,Sitting,False,Sitting,False,0.62,angle_sitting,15.884230812672943,91.93325163804523,1.035600652390344,1.108667555335571,17.107184873451857,0.16493819163224288,0.16493819163224288,0.09608066082000732,False,False,Sitting|Sitting|Sitting|Sitting|Sitting
100,3.3333333333333335,Sitting,False,Sitting,False,0.62,angle_sitting,13.058865952851114,88.21164373998698,4.7007174891506915,0.974947124452592,109.95350510280934,0.15701654916365526,0.15701654916365526,0.09654626250267029,False,False,Sitting|Sitting|Sitting|Sitting|Sitting
101,3.3666666666666667,Sitting,False,Sitting,False,0.62,angle_sitting,10.156508409220837,87.90049578199984,3.4960302957883487,0.8943790528590954,36.140615800870414,0.1510774661614533,0.1510774661614533,0.09325098991394043,False,False,Sitting|Sitting|Sitting|Sitting|Sitting
102,3.4,Sitting,False,Sitting,False,0.62,angle_sitting,25.531933659389306,94.51915316598348,3.2356471732504333,1.2605172363191726,7.81149367613749,0.1865229956782669,0.1865229956782669,0.0922696590423584,False,False,Sitting|Sitting|Sitting|Sitting|Sitting
103,3.433333333333333,Sitting,False,Sitting,False,0.62,angle_sitting,26.175613115533334,88.78214094423532,2.4750721743084187,0.9326818403068695,22.817249968260516,0.18068532091013725,0.18068532091013725,0.09406208992004395,False,False,Sitting|Sitting|Sitting|Sitting|Sitting
104,3.466666666666667,Sitting,False,Sitting,False,0.62,angle_sitting,30.400131042197756,85.57793978628695,0.99681338385212,1.676043165573002,44.34776371368853,0.18792910914877806,0.18792910914877806,0.08986565470695496,False,False,Sitting|Sitting|Sitting|Sitting|Sitting
105,3.5,Sitting,False,Sitting,False,0.62,angle_sitting,17.540297545727963,87.62096105645095,3.84186741358726,1.209261296923257,85.3516208920545,0.16693570019014536,0.16693570019014536,0.0952191948890686,False,False,Sitting|Sitting|Sitting|Sitting|Sitting
106,3.533333333333333,Sitting,False,Sitting,False,0.62,angle_sitting,26.5612246876017,91.01318246856408,0.8813205707688669,1.9121754023689994,88.81640528455212,0.17849878866375557,0.17849878866375557,0.09723818302154541,False,False,Sitting|Sitting|Sitting|Sitting|Sitting
107,3.566666666666667,Sitting,False,Sitting,False,0.62,angle_sitting,24.65916765380782,94.98474501719534,6.164054024094527,1.4696958600896353,158.48200359976826,0.1829383628688798,0.1829383628688798,0.09221503138542175,False,False,Sitting|Sitting|Sitting|Sitting|Sitting
108,3.6,Sitting,False,Sitting,False,0.62,angle_sitting,17.58591091713048,90.86686202985433,2.1573738305381265,2.7251539305924584,120.20040580669244,0.16314566362183283,0.16314566362183283,0.0984838604927063,False,False,Sitting|Sitting|Sitting|Sitting|Sitting
109,3.6333333333333333,Sitting,False,Sitting,False,0.62,angle_sitting,19.057866814550767,95.19654879027847,5.450261365331365,2.524835485157883,98.78662604379753,0.17587964296816921,0.17587964296816921,0.09489062428474426,False,False,Sitting|Sitting|Sitting|Sitting|Sitting
110,3.6666666666666665,Sitting,False,Sitting,False,0.62,angle_sitting,19.51677332713151,89.77524333818076,0.103395206864178,2.467537016309811,160.40598475401617,0.17156970276698918,0.17156970276698918,0.09480315446853638,False,False,Sitting|Sitting|Sitting|Sitting|Sitting
111,3.7,Sitting,False,Sitting,False,0.62,angle_sitting,14.301949786205977,89.0501680636317,3.751378395822518,0.553458555241769,109.43949566874913,0.16028484579920807,0.16028484579920807,0.09725871682167053,False,False,Sitting|Sitting|Sitting|Sitting|Sitting
112,3.7333333333333334,Sitting,False,Sitting,False,0.62,angle_sitting,22.431340959537707,83.13942717571804,3.078760829633978,1.3937429084911976,20.17852698565628,0.17731777905310372,0.17731777905310372,0.08902671933174133,False,False,Sitting|Sitting|Sitting|Sitting|Sitting
113,3.7666666666666666,Sitting,False,Sitting,False,0.62,angle_sitting,17.637166064064278,89.30645268669117,3.436524688281742,0.96495699027499,10.732915759432966,0.17017007110874519,0.17017007110874519,0.09383401274681091,False,False,Sitting|Sitting|Sitting|Sitting|Sitting
114,3.8,Sitting,False,Sitting,False,0.62,angle_sitting,17.87199767768564,90.3581094296251,2.8373264449848534,0.8712433239201862,17.975947298906725,0.16372206802277778,0.16372206802277778,0.09855994582176208,False,False,Sitting|Sitting|Sitting|Sitting|Sitting
115,3.8333333333333335,Sitting,False,Sitting,False,0.62,angle_sitting,27.186923673386566,87.00755672543912,3.8371722322529105,1.0170754957720591,29.99537361804142,0.1826286313084736,0.1826286313084736,0.09378409385681152,False,False,Sitting|Sitting|Sitting|Sitting|Sitting
116,3.8666666666666667,Sitting,False,Sitting,False,0.62,angle_sitting,18.862304433806745,94.1059828491328,0.15754388668365657,2.222926235831054,110.388850367078,0.16723607053229836,0.16723607053229836,0.09820353984832764,False,False,Sitting|Sitting|Sitting|Sitting|Sitting
117,3.9,Sitting,False,Sitting,False,0.62,angle_sitting,9.483120034503157,90.97528240841703,1.2082978493301084,0.7062158737545992,31.52261887939367,0.15363744007196048,0.15363744007196048,0.09810611605644226,False,False,Sitting|Sitting|Sitting|Sitting|Sitting
118,3.933333333333333,Sitting,False,Sitting,False,0.62,angle_sitting,31.816608161467343,98.44908420124135,3.0971727065394883,1.2542209319020963,56.666245716281594,0.19447330081040504,0.19447330081040504,0.09444710612297058,False,False,Sitting|Sitting|Sitting|Sitting|Sitting
119,3.966666666666667,Sitting,False,Sitting,False,0.62,angle_sitting,30.16144403231305,88.75653398526386,1.7065370480940862,1.361228848491118,41.71906975336165,0.17629674044202087,0.17629674044202087,0.0937218964099884,False,False,Sitting|Sitting|Sitting|Sitting|Sitting
120,4.0,Sitting,False,Sitting,False,0.62,angle_sitting,21.785700679298678,89.57245816846927,0.05086387671179199,0.8887630424375685,49.67019514146901,0.17839142532101157,0.17839142532101157,0.09308618307113647,False,False,Sitting|Sitting|Sitting|Sitting|Sitting
121,4.033333333333333,Sitting,False,Sitting,False,0.62,angle_sitting,18.92845941107377,92.28128494215309,4.988007300158582,2.402802734929004,148.11430270340423,0.16596319344087587,0.16596319344087587,0.09390175342559814,False,False,Sitting|Sitting|Sitting|Sitting|Sitting
122,4.066666666666666,Sitting,False,Sitting,False,0.62,angle_sitting,26.232848442250614,94.27255153800047,2.582537529654481,1.9320180548457657,72.1640931151233,0.1799264318702545,0.1799264318702545,0.09717684984207153,False,False,Sitting|Sitting|Sitting|Sitting|Sitting
123,4.1,Sitting,False,Sitting,False,0.62,angle_sitting,13.132171265184711,92.31025036483084,0.7116410067236862,0.8891009790801864,56.12689568792404,0.1662754380106734,0.1662754380106734,0.09299466013908386,False,False,Sitting|Sitting|Sitting|Sitting|Sitting
124,4.133333333333334,Sitting,False,Sitting,False,0.62,angle_sitting,32.678084456463985,92.31143179882548,1.1156132193995731,1.068945866758582,12.119166380276328,0.19113582948821178,0.19113582948821178,0.09615963697433472,False,False,Sitting|Sitting|Sitting|Sitting|Sitting
125,4.166666666666667,Sitting,False,Sitting,False,0.62,angle_sitting,24.38711647618105,89.90203166855672,0.2755082800109732,0.4787685859220979,25.20314818165809,0.17861130385774263,0.17861130385774263,0.09537160396575928,False,False,Sitting|Sitting|Sitting|Sitting|Sitting
126,4.2,Sitting,False,Sitting,False,0.62,angle_sitting,22.10706121538054,89.94542871970823,0.9960284394490978,0.8848532498386227,21.615604783143812,0.17258168004483118,0.17258168004483118,0.0905153751373291,False,False,Sitting|Sitting|Sitting|Sitting|Sitting
127,4.233333333333333,Sitting,False,Sitting,False,0.62,angle_sitting,10.000263418264307,87.86044832850565,2.503665683966649,1.183764476716643,45.22911733552669,0.1571085260609419,0.1571085260609419,0.091483473777771,False,False,Sitting|Sitting|Sitting|Sitting|Sitting
128,4.266666666666667,Sitting,False,Sitting,False,0.62,angle_sitting,25.0551979037166,94.7412698552922,5.286522104624074,2.1671246830346544,83.48569261972304,0.18868422077340283,0.18868422077340283,0.09166797995567322,False,False,Sitting|Sitting|Sitting|Sitting|Sitting
129,4.3,Sitting,False,Sitting,False,0.62,angle_sitting,20.997205575333695,88.81736055201526,1.0207719279406944,1.7650090756852672,127.97250530050184,0.1868958791723597,0.1868958791723597,0.08909761905670166,False,False,Sitting|Sitting|Sitting|Sitting|Sitting
130,4.333333333333333,Sitting,False,Sitting,False,0.62,angle_sitting,30.063711133367438,92.04703871321279,3.986628042684905,2.24560985365888,88.97568344232664,0.18589175577363742,0.18589175577363742,0.09638932347297668,False,False,Sitting|Sitting|Sitting|Sitting|Sitting
131,4.366666666666666,Sitting,False,Sitting,False,0.62,angle_sitting,29.16359375456522,83.33314993941275,2.1126532219211946,2.626315266113279,56.21924462291151,0.19433240344719646,0.19433240344719646,0.08778944611549377,False,False,Sitting|Sitting|Sitting|Sitting|Sitting
132,4.4,Sitting,False,Sitting,False,0.62,angle_sitting,25.502965187383122,92.43475545627447,0.4335496434771951,1.5524861008002806,50.37310735331882,0.18402658834960187,0.18402658834960187,0.09519124031066895,False,False,Sitting|Sitting|Sitting|Sitting|Sitting
133,4.433333333333334,Sitting,False,Sitting,False,0.62,angle_sitting,24.446293130717393,90.19882876308714,0.13215191891081854,0.5006058563668798,9.04193173699133,0.17985175324365588,0.17985175324365588,0.09426644444465637,False,False,Sitting|Sitting|Sitting|Sitting|Sitting
134,4.466666666666667,Sitting,False,Sitting,False,0.62,angle_sitting,14.383338254525524,92.15483602185265,1.4453471583055069,0.9036109989245402,39.39585718184079,0.15901978063306202,0.15901978063306202,0.0940721333026886,False,False,Sitting|Sitting|Sitting|Sitting|Sitting
135,4.5,Sitting,False,Sitting,False,0.62,angle_sitting,25.312668123768375,89.77862631727858,4.201399310241148,1.396543074512548,82.68156455806952,0.1866301065073536,0.1866301065073536,0.0872977077960968,False,False,Sitting|Sitting|Sitting|Sitting|Sitting
136,4.533333333333333,Sitting,False,Sitting,False,0.62,angle_sitting,24.705523458537403,89.67506364743707,0.047558686493702935,1.9177176749264477,124.61521871242378,0.18331178642636806,0.18331178642636806,0.09374615550041199,False,False,Sitting|Sitting|Sitting|Sitting|Sitting
137,4.566666666666666,Sitting,False,Sitting,False,0.62,angle_sitting,12.150408551880435,89.72037779754643,4.560344634293242,1.4422960664537021,135.38357843398663,0.1587866575419429,0.1587866575419429,0.0937836766242981,False,False,Sitting|Sitting|Sitting|Sitting|Sitting
138,4.6,Sitting,False,Sitting,False,0.62,angle_sitting,30.185843323777526,90.00188430402723,1.6504823591179143,1.205128594706496,87.29586825526013,0.18157291176840634,0.18157291176840634,0.09643816947937012,False,False,Sitting|Sitting|Sitting|Sitting|Sitting
139,4.633333333333334,Sitting,False,Sitting,False,0.62,angle_sitting,18.560893516861952,92.54587397186863,1.629368550673372,0.261814059246246,0.6334142533362561,0.1731208556641795,0.1731208556641795,0.09620752930641174,False,False,Sitting|Sitting|Sitting|Sitting|Sitting
140,4.666666666666667,Sitting,False,Sitting,False,0.62,angle_sitting,23.759475028696222,89.9241927013018,2.0005060701022646,0.5487674189990596,11.134125582866819,0.17937263561125835,0.17937263561125835,0.09812381863594055,False,False,Sitting|Sitting|Sitting|Sitting|Sitting
141,4.7,Sitting,False,Sitting,False,0.62,angle_sitting,18.537020989910047,89.49160860367769,3.805902405930723,1.3420425890159247,54.16189007485394,0.17150588325595004,0.17150588325595004,0.09143784642219543,False,False,Sitting|Sitting|Sitting|Sitting|Sitting
142,4.733333333333333,Sitting,False,Sitting,False,0.62,angle_sitting,25.173390942315585,93.05000565745596,1.4901516506785588,2.3808769366432734,69.47252265756518,0.1786020214007922,0.1786020214007922,0.101956307888031,False,False,Sitting|Sitting|Sitting|Sitting|Sitting
143,4.766666666666667,Sitting,False,Sitting,False,0.62,angle_sitting,19.822598747524545,91.89133709097922,5.091018396098777,1.8742505013588313,108.02600236260692,0.17125753062243354,0.17125753062243354,0.09660157561302185,False,False,Sitting|Sitting|Sitting|Sitting|Sitting
144,4.8,Sitting,False,Sitting,False,0.62,angle_sitting,30.004963755670982,94.49901043116762,2.8398920972865005,1.8602468328187158,67.53378896436854,0.194526830859915,0.194526830859915,0.09393060207366943,False,False,Sitting|Sitting|Sitting|Sitting|Sitting
145,4.833333333333333,Sitting,False,Sitting,False,0.62,angle_sitting,27.186891741254552,90.62901782793926,1.9734484153852623,1.0729270126324866,25.99331045703724,0.18616578089578908,0.18616578089578908,0.09686130285263062,False,False,Sitting|Sitting|Sitting|Sitting|Sitting
146,4.866666666666666,Sitting,False,Sitting,False,0.62,angle_sitting,13.768789215758208,85.53302998382958,6.557845479228747,1.5972726149053529,137.53191191530502,0.15443905086791518,0.15443905086791518,0.09718647599220276,False,False,Sitting|Sitting|Sitting|Sitting|Sitting
147,4.9,Sitting,False,Sitting,False,0.62,angle_sitting,13.23891500683441,89.39597063853496,3.5468505077496593,0.8754916496622218,90.32984914437054,0.15722452417607574,0.15722452417607574,0.09297928214073181,False,False,Sitting|Sitting|Sitting|Sitting|Sitting
148,4.933333333333334,Sitting,False,Sitting,False,0.62,angle_sitting,25.68386103924643,92.17400628934205,3.906315472668414,0.531932536405097,10.78394894756268,0.18114244623609427,0.18114244623609427,0.09406298398971558,False,False,Sitting|Sitting|Sitting|Sitting|Sitting
149,4.966666666666667,Sitting,False,Sitting,False,0.62,angle_sitting,17.444609831102753,91.4093723016535,1.4201687175309075,1.767957324413335,74.58440265412546,0.16096320476785442,0.16096320476785442,0.10063150525093079,False,False,Sitting|Sitting|Sitting|Sitting|Sitting
150,5.0,Sitting,False,Sitting,False,0.62,angle_sitting,21.769164147275227,89.41816845279959,0.15613309127575056,1.0956238636137023,37.92106878765484,0.17472172731440852,0.17472172731440852,0.09443652629852295,False,False,Sitting|Sitting|Sitting|Sitting|Sitting
151,5.033333333333333,,False,Sitting,False,0.62,angle_sitting,23.100060520195733,93.34572335102554,2.5354192600119743,1.20501905173198,71.37858506208697,0.17328084076083436,0.17328084076083436,0.09402966499328613,False,False,Sitting|Sitting|Sitting|Sitting|Sitting
152,5.066666666666666,,False,Sitting,False,0.62,angle_sitting,25.10939511495372,91.59947483914897,0.034763841784910314,0.9168440512453966,75.01966254681219,0.18306605795690684,0.18306605795690684,0.09521108865737915,False,False,Sitting|Sitting|Sitting|Sitting|Sitting
153,5.1,,False,Sitting,False,0.62,angle_sitting,24.78611393906253,93.37920230500595,0.5595172337153523,1.1188528978765897,15.742601757913317,0.18497375998356294,0.18497375998356294,0.08885815739631653,False,False,Sitting|Sitting|Sitting|Sitting|Sitting
154,5.133333333333334,,False,Sitting,False,0.62,angle_sitting,19.20952704132414,93.92835002147515,0.442806093475137,1.0942139774472088,3.501334207206379,0.17433160049115712,0.17433160049115712,0.09516337513923645,False,False,Sitting|Sitting|Sitting|Sitting|Sitting
155,5.166666666666667,,False,Sitting,False,0.62,angle_sitting,40.63858198448891,91.50300564827177,0.9114427266758917,0.5708041147710986,14.059098996022689,0.2008312051377125,0.2008312051377125,0.09539628028869629,False,False,Sitting|Sitting|Sitting|Sitting|Sitting
156,5.2,,False,Sitting,False,0.62,angle_sitting,28.358462789025026,86.53461860192002,7.352928760392533,2.599452007549926,193.24458101149992,0.17844339557671862,0.17844339557671862,0.09792745113372803,False,False,Sitting|Sitting|Sitting|Sitting|Sitting
157,5.233333333333333,,False,Sitting,False,0.62,angle_sitting,27.368881246965856,98.39604257215834,5.291368078772277,3.8239701954443968,61.84682044860791,0.1866293460504809,0.1866293460504809,0.09685447812080383,False,False,Sitting|Sitting|Sitting|Sitting|Sitting
158,5.266666666666667,,False,Sitting,False,0.62,angle_sitting,21.429835478490418,87.28626204293394,1.326353630523136,2.3326419685508726,118.95043344747465,0.16887030965839459,0.16887030965839459,0.09206297993659973,False,False,Sitting|Sitting|Sitting|Sitting|Sitting
159,5.3,,False,Sitting,False,0.62,angle_sitting,32.01228774626544,91.48350379414417,1.5896156110754982,1.4619652394768583,7.897859416570893,0.18189306929427332,0.18189306929427332,0.0989571213722229,False,False,Sitting|Sitting|Sitting|Sitting|Sitting
160,5.333333333333333,,False,Sitting,False,0.62,angle_sitting,17.911743099492156,94.81896380496525,3.9102400794321226,1.290559922175363,69.61873405069898,0.17395637495135136,0.17395637495135136,0.09988585114479065,False,False,Sitting|Sitting|Sitting|Sitting|Sitting
161,5.366666666666666,,False,Sitting,False,0.62,angle_sitting,26.146922578097254,100.34953820812123,7.934297347354318,0.9150174514448319,120.72171803766629,0.18538256695218897,0.18538256695218897,0.0955737829208374,False,False,Sitting|Sitting|Sitting|Sitting|Sitting
162,5.4,,False,Sitting,False,0.62,angle_sitting,14.919563722499232,91.75236037531504,0.7768525653392718,2.3870573831277824,214.72334346044642,0.1659710892985808,0.1659710892985808,0.09550148248672485,False,False,Sitting|Sitting|Sitting|Sitting|Sitting
163,5.433333333333334,,False,Sitting,False,0.62,angle_sitting,23.325756443531805,91.08133816366517,3.160223383196857,0.6591822164226846,71.50112453572781,0.18217782607956132,0.18217782607956132,0.09368869662284851,False,False,Sitting|Sitting|Sitting|Sitting|Sitting
164,5.466666666666667,,False,Sitting,False,0.62,angle_sitting,12.74799257236311,89.83015275497456,0.6515833617506205,1.1201040908609523,75.25920064338736,0.16044747725878009,0.16044747725878009,0.09295457601547241,False,False,Sitting|Sitting|Sitting|Sitting|Sitting
165,5.5,,False,Sitting,False,0.62,angle_sitting,17.19101786537417,93.66621722234459,0.565474484650622,0.8789992130312043,2.583266312999964,0.1653230245347003,0.1653230245347003,0.09724169969558716,False,False,Sitting|Sitting|Sitting|Sitting|Sitting
166,5.533333333333333,,False,Sitting,False,0.62,angle_sitting,21.394424024468528,88.21556241697459,0.37990929853403294,1.4481965709816222,5.566955583497692,0.18544191344172384,0.18544191344172384,0.0884026288986206,False,False,Sitting|Sitting|Sitting|Sitting|Sitting
167,5.566666666666666,,False,Sitting,False,0.62,angle_sitting,22.777661149505455,89.65440386069179,1.6985250426200862,1.36065910980552,39.55847232258174,0.17570387028086973,0.17570387028086973,0.09636873006820679,False,False,Sitting|Sitting|Sitting|Sitting|Sitting
168,5.6,,False,Sitting,False,0.62,angle_sitting,21.257088817358937,87.80106753330863,0.3677290694130478,0.23787075837443636,39.923879196211296,0.17713665884844937,0.17713665884844937,0.09511879086494446,False,False,Sitting|Sitting|Sitting|Sitting|Sitting
169,5.633333333333334,,False,Sitting,False,0.62,angle_sitting,24.521703621960377,94.24372860088599,2.049050919289549,0.694963311177242,50.43965549629388,0.1703366410342052,0.1703366410342052,0.09906470775604248,False,False,Sitting|Sitting|Sitting|Sitting|Sitting
170,5.666666666666667,,False,Sitting,False,0.62,angle_sitting,21.709249425440106,87.49363397762991,4.192903935558095,1.2787264759063246,64.31559048805661,0.15857153653770617,0.15857153653770617,0.10245662927627563,False,False,Sitting|Sitting|Sitting|Sitting|Sitting
171,5.7,,False,Sitting,False,0.62,angle_sitting,23.355085224523016,93.09034391179927,2.014792129247498,1.0083352598560105,65.34335418931815,0.1638632183630299,0.1638632183630299,0.10338547825813293,False,False,Sitting|Sitting|Sitting|Sitting|Sitting
172,5.733333333333333,,False,Sitting,False,0.62,angle_sitting,19.67069146777685,93.59670932203724,3.8517342383059026,1.1707539286269941,55.108263271752335,0.1654085923152234,0.1654085923152234,0.09770619869232178,False,False,Sitting|Sitting|Sitting|Sitting|Sitting
173,5.766666666666667,,False,Sitting,False,0.62,angle_sitting,27.91452044823547,87.80092500621397,5.219191719206437,0.8837662193112333,41.02372442701618,0.16664524488735086,0.16664524488735086,0.10261520743370056,False,False,Sitting|Sitting|Sitting|Sitting|Sitting
174,5.8,,False,Sitting,False,0.62,angle_sitting,25.416989027466137,90.85789451384403,6.099078658586574,1.1899660631915172,26.396608181404208,0.17601813971160335,0.17601813971160335,0.09797808527946472,False,False,Sitting|Sitting|Sitting|Sitting|Sitting
175,5.833333333333333,,False,Sitting,False,0.62,angle_sitting,16.632070325981363,91.03804100207586,6.172934776968675,0.5490616252984483,2.2156835514630293,0.16636745899677846,0.16636745899677846,0.0952201783657074,False,False,Sitting|Sitting|Sitting|Sitting|Sitting
176,5.866666666666666,,False,Sitting,False,0.62,angle_sitting,23.77577791713803,83.01116177750662,11.836717098339449,1.5474544889902833,169.9134696411238,0.16349243487886583,0.16349243487886583,0.10281684994697571,False,False,Sitting|Sitting|Sitting|Sitting|Sitting
